Brand,Model,Front Camera (MP),Have Pop-Up Front Camera,Rear Camera (MP),Processor,Battery Capacity (mAh),Display Size (inches),RAM (GB),ROM (GB),Price (Rs.)
SAMSUNG,S24 Ultra,40.0,0,108.0,Exynos,5000,6.8,8.0,128,101515
SAMSUNG,S24 Plus,10.0,0,50.0,Exynos,4500,6.6,8.0,128,57575
SAMSUNG,Zero,32.0,0,12.0,Snapdragon 888 5G,4500,6.41,8.0,256,34242
SAMSUNG,S24,10.0,0,50.0,Exynos,3700,6.1,8.0,128,75757
SAMSUNG,A05s,5.0,0,50.0,Exynos,5000,6.5,4.0,64,7575
SAMSUNG,A05,5.0,0,50.0,Mediatek,5000,6.5,4.0,64,7575
SAMSUNG,Z Flip 5,10.0,0,12.0,Snapdragon,3700,6.7,8.0,128,89697
SAMSUNG,M14,8.0,0,50.0,Exynos,5000,6.6,4.0,64,10606
SAMSUNG,M24,8.0,0,50.0,Snapdragon,5000,6.6,4.0,128,13939
SAMSUNG,A74,32.0,0,108.0,Snapdragon,5000,6.7,8.0,256,25757
SAMSUNG,M54,32.0,0,108.0,MediaTek,5000,6.7,8.0,128,23636
SAMSUNG,M34,8.0,0,50.0,Snapdragon,5000,6.6,6.0,128,18182
SAMSUNG,A35,13.0,0,48.0,Exynos,5000,6.4,4.0,128,17575
SAMSUNG,A75,32.0,0,108.0,Snapdragon,5000,6.7,6.0,128,24242
SAMSUNG,A55,32.0,0,64.0,Exynos,5000,6.5,4.0,128,18182
SAMSUNG,A15,8.0,0,50.0,Exynos,5000,6.6,4.0,64,16363
SAMSUNG,A24,13.0,0,50.0,Snapdragon,5000,6.4,6.0,128,12727
SAMSUNG,A34,20.0,0,64.0,MediaTek,5000,6.4,8.0,128,14545
SAMSUNG,A54,32.0,0,64.0,Snapdragon 720G,4500,6.5,8.0,128,18182
SAMSUNG,A54 6GB,32.0,0,64.0,Snapdragon 720G,4500,6.5,8.0,256,20000
SAMSUNG,A,8.0,0,50.0,Snapdragon,5000,6.6,4.0,64,15757
SAMSUNG,F04s,5.0,0,13.0,Snapdragon 450,5000,6.5,3.0,32,15151
SAMSUNG,S23 Ultra,40.0,0,108.0,Exynos,5000,6.8,12.0,256,75757
SAMSUNG,S23 Plus,10.0,0,50.0,Exynos 2200,4500,6.6,8.0,256,58182
SAMSUNG,S23,10.0,0,50.0,Exynos,3700,6.1,8.0,256,52424
SAMSUNG,M04,5.0,0,48.0,MediaTek Helio G35,5000,6.5,3.0,32,7272
SAMSUNG,Z Slide,12.0,0,12.0,Snapdragon 8 Gen 1,4400,6.7,12.0,256,90909
SAMSUNG,A04 Core,5.0,0,8.0,Exynos 850,5000,6.5,3.0,32,6060
SAMSUNG,A04,5.0,0,13.0,MediaTek,5000,6.5,3.0,32,6060
SAMSUNG,S22 FE 5G,32.0,0,12.0,Snapdragon 888 5G,4500,6.41,8.0,256,39394
SAMSUNG,A14,5.0,0,13.0,MT6739W,5000,6.5,4.0,64,8788
SAMSUNG,A14 ,5.0,0,13.0,MT6739W,5000,6.5,4.0,128,9697
SAMSUNG,A53s 5G,32.0,0,64.0,Snapdragon 778G 5G,4500,6.5,8.0,128,25757
SAMSUNG,A53s 5G 6GB,32.0,0,64.0,Snapdragon 778G 5G,4500,6.5,8.0,256,28788
SAMSUNG,A04e,5.0,0,13.0,MediaTek Helio G35,5000,6.5,3.0,32,7575
SAMSUNG,A04e  ,5.0,0,13.0,MediaTek Helio G35,5000,6.5,4.0,64,8485
SAMSUNG,S30 Plus,10.0,0,12.0,Exynos 2100,4800,6.7,8.0,128,56060
SAMSUNG,S30 Plus 6GB,10.0,0,12.0,Exynos 2100,4800,6.7,8.0,256,90606
SAMSUNG,Z Fold 5,4.0,0,50.0,Snapdragon,4400,7.6,12.0,256,139394
SAMSUNG,Z Flip 4,10.0,0,108.0,Snapdragon 8 Gen 1 Plus,3700,6.7,8.0,256,62424
SAMSUNG,A04s,5.0,0,13.0,MediaTek G35,5000,6.5,3.0,32,6969
SAMSUNG,A04s  ,5.0,0,13.0,MediaTek G35,5000,6.5,4.0,64,7575
SAMSUNG,M03,5.0,0,48.0,MediaTek,5000,6.5,3.0,32,6969
SAMSUNG,M53,32.0,0,64.0,Snapdragon 730G,7000,6.7,8.0,128,22727
SAMSUNG,M53 6GB,32.0,0,64.0,Snapdragon 730G,7000,6.7,8.0,256,24848
SAMSUNG,M33 5G,13.0,0,48.0,Exynos 1200,5000,6.5,6.0,128,13939
SAMSUNG,M33 5G  ,13.0,0,48.0,Exynos 1200,5000,6.5,8.0,128,15151
SAMSUNG,Z Fold4,10.0,0,12.0,Snapdragon 888 5G,4400,7.6,12.0,256,90909
SAMSUNG,Z Fold4 ,10.0,0,12.0,Snapdragon 888 5G,4400,7.6,12.0,512,93939
SAMSUNG,A13s,8.0,0,50.0,Exynos 850,5000,6.6,4.0,64,9697
SAMSUNG,F13,8.0,0,50.0,Exynos 850,5000,6.6,4.0,128,9394
SAMSUNG,F13 6GB ,8.0,0,50.0,Exynos 850,5000,6.6,6.0,128,10303
SAMSUNG,F23,8.0,0,50.0,Snapdragon 750G 5G,5000,6.4,6.0,128,14545
SAMSUNG,A33 5G,16.0,0,48.0,Exynos 1200,5000,6.4,6.0,128,16060
SAMSUNG,A23 5G,13.0,0,50.0,Dimensity 700 5G,5000,6.55,4.0,128,15151
SAMSUNG,A23 5G 6GB ,13.0,0,50.0,Dimensity 700 5G,5000,6.55,6.0,128,16363
SAMSUNG,M13,8.0,0,50.0,Exynos 850,5000,6.6,4.0,64,11515
SAMSUNG,M13 ,8.0,0,50.0,Exynos 850,5000,6.6,4.0,128,12727
SAMSUNG,A22e 5G,5.0,0,13.0,Dimensity 700 5G,4000,5.8,4.0,64,11818
SAMSUNG,A23,13.0,0,50.0,Mediatek G80,5000,6.4,4.0,128,11515
SAMSUNG,A23 6GB ,13.0,0,50.0,Mediatek G80,5000,6.4,6.0,128,12424
SAMSUNG,A53 5G,32.0,0,64.0,Exynos 1200,5000,6.5,8.0,128,22121
SAMSUNG,A53 5G 6GB,32.0,0,64.0,Exynos 1200,5000,6.5,8.0,256,23636
SAMSUNG,A73 5G,32.0,0,108.0,Snapdragon 888 5G,5000,6.7,6.0,128,23636
SAMSUNG,A73 5G ,32.0,0,108.0,Snapdragon 888 5G,5000,6.7,8.0,128,24848
SAMSUNG,A73 5G 6GB,32.0,0,108.0,Snapdragon 888 5G,5000,6.7,8.0,256,26363
SAMSUNG,F23 5G,8.0,0,50.0,Snapdragon 750G 5G,5000,6.6,4.0,128,15151
SAMSUNG,F23 5G 6GB ,8.0,0,50.0,Snapdragon 750G 5G,5000,6.6,6.0,128,16666
SAMSUNG,M23 5G,8.0,0,50.0,Snapdragon 750G,5000,6.6,4.0,128,16969
SAMSUNG,M23,8.0,0,50.0,Snapdragon 888 5G,5000,6.6,4.0,128,10303
SAMSUNG,M33,8.0,0,50.0,Snapdragon 888 5G,6000,6.6,6.0,128,15151
SAMSUNG,M33  ,8.0,0,50.0,Snapdragon 888 5G,6000,6.6,8.0,128,16060
SAMSUNG,S22 Note,40.0,0,108.0,Snapdragon 8 Gen1,5000,6.8,12.0,256,75757
SAMSUNG,S22,10.0,0,50.0,Exynos 2200,3700,6.1,8.0,128,53030
SAMSUNG,S22 6GB,10.0,0,50.0,Exynos 2200,3700,6.1,8.0,256,56060
SAMSUNG,S22 Plus,10.0,0,50.0,Exynos 2200,4500,6.6,8.0,128,63636
SAMSUNG,S22 Plus 6GB,10.0,0,50.0,Exynos 2200,4500,6.6,8.0,256,66666
SAMSUNG,S22 Ultra,40.0,0,108.0,Exynos 2200,5000,6.8,8.0,128,75757
SAMSUNG,S22 Ultra 6GB,40.0,0,108.0,Exynos 2200,5000,6.8,12.0,256,81818
SAMSUNG,S22 Ultra ,40.0,0,108.0,Exynos 2200,5000,6.8,12.0,512,87878
SAMSUNG,S21 FE,32.0,0,12.0,Exynos 2100,4500,6.4,8.0,128,41969
SAMSUNG,S21 FE 6GB,32.0,0,12.0,Exynos 2100,4500,6.4,8.0,256,44242
SAMSUNG,A03,5.0,0,48.0,Snapdragon 888 5G,5000,6.5,3.0,32,5454
SAMSUNG,A03 ,5.0,0,48.0,Snapdragon 888 5G,5000,6.5,4.0,64,6363
SAMSUNG,A03 ,5.0,0,48.0,Snapdragon 888 5G,5000,6.5,4.0,128,7272
SAMSUNG,A03 Core,5.0,0,8.0,Unisoc SC9863A,5000,6.5,2.0,32,5606
SAMSUNG,S20 FE 5G,32.0,0,12.0,Snapdragon 865 5G,4500,6.5,8.0,128,37121
SAMSUNG,A13 5G,5.0,0,50.0,Dimensity 700 5G,5000,6.5,4.0,64,12424
SAMSUNG,A22s,13.0,0,48.0,MediaTek G80,5000,6.4,4.0,128,12121
SAMSUNG,A22s 6GB ,13.0,0,48.0,MediaTek G80,5000,6.4,6.0,128,13333
SAMSUNG,M52 5G,32.0,0,64.0,Snapdragon 778G 5G,5000,6.7,8.0,128,25151
SAMSUNG,A42 5G,20.0,0,48.0,Snapdragon 750 5G,5000,6.6,4.0,64,18485
SAMSUNG,A42 5G 6GB ,20.0,0,48.0,Snapdragon 750 5G,5000,6.6,6.0,128,19697
SAMSUNG,A42 5G  ,20.0,0,48.0,Snapdragon 750 5G,5000,6.6,8.0,128,20606
SAMSUNG,A42,20.0,0,48.0,Snapdragon 750,5000,6.6,4.0,64,17575
SAMSUNG,A42 6GB ,20.0,0,48.0,Snapdragon 750,5000,6.6,6.0,128,18788
SAMSUNG,A42  ,20.0,0,48.0,Snapdragon 750,5000,6.6,8.0,128,19697
SAMSUNG,A100,32.0,0,48.0,Snapdragon 855,7000,7.2,8.0,256,26666
SAMSUNG,A100  ,32.0,0,48.0,Snapdragon 855,7000,7.2,12.0,256,29394
SAMSUNG,A52s,32.0,0,64.0,Snapdragon 778G 5G,4500,6.5,8.0,128,19091
SAMSUNG,A13,8.0,0,50.0,Mediatek P35,5000,6.5,4.0,64,8788
SAMSUNG,A13 ,8.0,0,50.0,Mediatek P35,5000,6.5,4.0,128,9697
SAMSUNG,A13 6GB ,8.0,0,50.0,Mediatek P35,5000,6.5,6.0,128,10606
SAMSUNG,A33,20.0,0,64.0,MediaTek G80,5000,6.4,6.0,128,12727
SAMSUNG,A33  ,20.0,0,64.0,MediaTek G80,5000,6.4,8.0,128,13939
SAMSUNG,A53,32.0,0,64.0,Snapdragon 720G,4500,6.5,6.0,128,16363
SAMSUNG,A53  ,32.0,0,64.0,Snapdragon 720G,4500,6.5,8.0,128,17575
SAMSUNG,A73,32.0,0,108.0,Snapdragon 720G,5000,6.7,8.0,128,20606
SAMSUNG,W22 5G,10.0,0,12.0,Snapdragon 888 5G,4400,7.6,12.0,256,93939
SAMSUNG,W22 5G ,10.0,0,12.0,Snapdragon 888 5G,4400,7.6,12.0,512,98485
SAMSUNG,F42 5G,8.0,0,64.0,Dimensity 700 5G,5000,6.6,6.0,128,13939
SAMSUNG,F42 5G  ,8.0,0,64.0,Dimensity 700 5G,5000,6.6,8.0,128,15151
SAMSUNG,F41,32.0,0,64.0,Exynos 9611,6000,6.1,6.0,64,11212
SAMSUNG,F41 ,32.0,0,64.0,Exynos 9611,6000,6.1,6.0,128,12121
SAMSUNG,A52s 5G,32.0,0,64.0,Snapdragon 778G 5G,4500,6.5,8.0,128,21818
SAMSUNG,A52s 5G 6GB,32.0,0,64.0,Snapdragon 778G 5G,4500,6.5,8.0,256,26969
SAMSUNG,A03s,5.0,0,13.0,Mediatek P35,5000,6.5,3.0,32,6818
SAMSUNG,A03s  ,5.0,0,13.0,Mediatek P35,5000,6.5,4.0,64,7121
SAMSUNG,M52,32.0,0,64.0,Snapdragon 730G,7000,6.7,8.0,128,15454
SAMSUNG,Wide 5,8.0,0,64.0,Dimensity 700 5G,5000,6.6,6.0,128,18182
SAMSUNG,M32 5G,13.0,0,48.0,Dimensity 720 5G,5000,6.5,6.0,128,14545
SAMSUNG,M32 5G  ,13.0,0,48.0,Dimensity 720 5G,5000,6.5,8.0,128,15757
SAMSUNG,A12s,8.0,0,48.0,MediaTek P35,5000,6.5,4.0,64,8788
SAMSUNG,A12s ,8.0,0,48.0,MediaTek P35,5000,6.5,4.0,128,9697
SAMSUNG,M22,13.0,0,48.0,Mediatek G80,5000,6.4,4.0,128,13030
SAMSUNG,Z Flip 3,10.0,0,12.0,Snapdragon 888 5G,3300,6.7,8.0,256,60606
SAMSUNG,Z Fold 3 5G,16.0,0,12.0,Snapdragon 888 5G,4400,7.6,12.0,256,95454
SAMSUNG,A12 Nacho,8.0,0,48.0,Exynos 850,5000,6.5,4.0,32,7878
SAMSUNG,A12 Nacho ,8.0,0,48.0,Exynos 850,5000,6.5,4.0,64,8485
SAMSUNG,A12 Nacho ,8.0,0,48.0,Exynos 850,5000,6.5,4.0,128,9394
SAMSUNG,Note 21 Ultra,10.0,0,108.0,Exynos 990,4500,6.9,8.0,256,69091
SAMSUNG,A23s,13.0,0,48.0,Exynos 850,5000,6.5,4.0,128,9091
SAMSUNG,A23s 6GB ,13.0,0,48.0,Exynos 850,5000,6.5,6.0,128,10303
SAMSUNG,M21 2021,20.0,0,48.0,Exynos 9611,6000,6.4,4.0,64,9091
SAMSUNG,M21 2021 6GB ,20.0,0,48.0,Exynos 9611,6000,6.4,6.0,128,10303
SAMSUNG,A72 5G,32.0,0,64.0,Snapdragon 750G 5G,5000,6.7,6.0,128,22727
SAMSUNG,A72 5G  ,32.0,0,64.0,Snapdragon 750G 5G,5000,6.7,8.0,256,25454
SAMSUNG,A32s,20.0,0,64.0,MediaTek G80,5000,6.4,6.0,128,13030
SAMSUNG,F22,13.0,0,48.0,Mediatek G80,6000,6.4,4.0,64,9697
SAMSUNG,F22 6GB ,13.0,0,48.0,Mediatek G80,6000,6.4,6.0,128,10606
SAMSUNG,A22,13.0,0,48.0,Mediatek G80,5000,6.4,4.0,128,11515
SAMSUNG,A22 6GB ,13.0,0,48.0,Mediatek G80,5000,6.4,6.0,128,12424
SAMSUNG,M32,20.0,0,64.0,Mediatek G80,6000,6.4,4.0,64,10909
SAMSUNG,M32 6GB ,20.0,0,64.0,Mediatek G80,6000,6.4,6.0,128,12727
SAMSUNG,A22 5G,8.0,0,48.0,MT6833 Dimensity 700 5G,5000,6.6,4.0,64,12424
SAMSUNG,A22 5G ,8.0,0,48.0,MT6833 Dimensity 700 5G,5000,6.6,4.0,128,13333
SAMSUNG,A22 5G 6GB ,8.0,0,48.0,MT6833 Dimensity 700 5G,5000,6.6,6.0,128,14242
SAMSUNG,A22 5G  ,8.0,0,48.0,MT6833 Dimensity 700 5G,5000,6.6,8.0,128,15151
SAMSUNG,A22s 5G,8.0,0,48.0,Dimensity 700 5G,5000,6.6,4.0,64,13030
SAMSUNG,A22s 5G ,8.0,0,48.0,Dimensity 700 5G,5000,6.6,4.0,128,13939
SAMSUNG,A22s 5G 6GB ,8.0,0,48.0,Dimensity 700 5G,5000,6.6,6.0,128,14848
SAMSUNG,A22s 5G  ,8.0,0,48.0,Dimensity 700 5G,5000,6.6,8.0,128,15757
SAMSUNG,F52 5G,16.0,0,64.0,Snapdragon 750G 5G,4500,6.6,8.0,128,16363
SAMSUNG,M12,8.0,0,48.0,Exynos 850,6000,6.5,3.0,32,7878
SAMSUNG,M12 ,8.0,0,48.0,Exynos 850,6000,6.5,4.0,64,8788
SAMSUNG,M12 ,8.0,0,48.0,Exynos 850,6000,6.5,4.0,128,10000
SAMSUNG,M42,20.0,0,48.0,Snapdragon 750G 5G,5000,6.6,4.0,128,13939
SAMSUNG,M42 6GB ,20.0,0,48.0,Snapdragon 750G 5G,5000,6.6,6.0,128,15151
SAMSUNG,M42  ,20.0,0,48.0,Snapdragon 750G 5G,5000,6.6,8.0,128,16666
SAMSUNG,F12,8.0,0,48.0,Exynos 850,6000,6.5,4.0,64,7575
SAMSUNG,F12 ,8.0,0,48.0,Exynos 850,6000,6.5,4.0,128,8788
SAMSUNG,A52 5G,32.0,0,64.0,Snapdragon 750G 5G,4500,6.5,6.0,128,19091
SAMSUNG,A52 5G  ,32.0,0,64.0,Snapdragon 750G 5G,4500,6.5,8.0,128,20606
SAMSUNG,A32,20.0,0,64.0,Mediatek G80,5000,6.4,6.0,128,12121
SAMSUNG,A52,32.0,0,64.0,Snapdragon 720G,4500,6.5,8.0,128,20000
SAMSUNG,A72,32.0,0,64.0,Snapdragon 720G,5000,6.7,8.0,128,25151
SAMSUNG,A72 6GB,32.0,0,64.0,Snapdragon 720G,5000,6.7,8.0,256,25757
SAMSUNG,M62,32.0,0,64.0,Exynos 9825,7000,6.7,6.0,128,14848
SAMSUNG,A02,5.0,0,13.0,MT6739W,5000,6.5,3.0,32,5060
SAMSUNG,A02 ,5.0,0,13.0,MT6739W,5000,6.5,3.0,64,5424
SAMSUNG,F62,32.0,0,64.0,Exynos 9825,7000,6.7,6.0,128,15454
SAMSUNG,F62  ,32.0,0,64.0,Exynos 9825,7000,6.7,8.0,128,16666
SAMSUNG,M02,5.0,0,13.0,Mediatek,5000,6.5,2.0,32,4545
SAMSUNG,M02  ,5.0,0,13.0,Mediatek,5000,6.5,3.0,32,5151
SAMSUNG,A32 5G,13.0,0,48.0,MT6853 Dimensity 720 5G,5000,6.5,4.0,64,15757
SAMSUNG,A32 5G ,13.0,0,48.0,MT6853 Dimensity 720 5G,5000,6.5,4.0,128,16969
SAMSUNG,A32 5G 6GB ,13.0,0,48.0,MT6853 Dimensity 720 5G,5000,6.5,6.0,128,18182
SAMSUNG,M02s,5.0,0,13.0,Snapdragon 450,5000,6.5,3.0,32,6060
SAMSUNG,M02s  ,5.0,0,13.0,Snapdragon 450,5000,6.5,4.0,64,6969
SAMSUNG,A02s,5.0,0,13.0,Snapdragon 450,5000,6.5,3.0,32,5636
SAMSUNG,A02s  ,5.0,0,13.0,Snapdragon 450,5000,6.5,4.0,64,6485
SAMSUNG,S21 Ultra,40.0,0,108.0,Exynos 2100,5000,6.8,12.0,256,73636
SAMSUNG,S21,10.0,0,64.0,Exynos 2100,4000,6.2,8.0,256,53485
SAMSUNG,S21 Plus,10.0,0,64.0,Exynos 2100,4800,6.7,8.0,256,56060
SAMSUNG,M31s,32.0,0,64.0,Exynos 9611,6000,6.5,6.0,128,14545
SAMSUNG,A12,8.0,0,13.0,Snapdragon 450,4000,6.4,4.0,64,7575
SAMSUNG,A12 ,8.0,0,13.0,Snapdragon 450,4000,6.4,4.0,128,8333
SAMSUNG,M21,16.0,0,48.0,Exynos 9611,6000,6.4,4.0,64,10606
SAMSUNG,M21s,32.0,0,64.0,Exynos 9611,6000,6.4,4.0,64,10606
SAMSUNG,M21s 6GB ,32.0,0,64.0,Exynos 9611,6000,6.4,6.0,128,11818
SAMSUNG,Z Fold2 5G,10.0,0,12.0,Snapdragon 865+,4500,7.5,12.0,256,81818
SAMSUNG,S20 FE,32.0,0,12.0,Exynos 990,4500,6.5,8.0,128,31212
SAMSUNG,M31,32.0,0,64.0,Exynos 9611,6000,6.4,6.0,128,14545
SAMSUNG,S30,10.0,0,12.0,Exynos 990,4000,6.2,8.0,128,57575
SAMSUNG,M11,8.0,0,13.0,Snapdragon 450,5000,6.4,3.0,32,7575
SAMSUNG,A01 Core,5.0,0,8.0,MT6739WW,3000,5.14,1.0,16,4242
SAMSUNG,Note 20,10.0,0,12.0,Exynos 990,4300,6.9,8.0,256,54545
SAMSUNG,Note 20 Ultra,10.0,0,108.0,Exynos 990,4500,6.9,8.0,256,66666
SAMSUNG,Note20 Plus 5G,40.0,0,108.0,Exynos 992,4500,6.9,12.0,256,57575
SAMSUNG,Note20 Plus 5G 16GB ,40.0,0,108.0,Exynos 992,4500,6.9,16.0,512,60000
SAMSUNG,A21s,13.0,0,48.0,Exynos 850,5000,6.5,4.0,64,9091
SAMSUNG,A21s ,13.0,0,48.0,Exynos 850,5000,6.5,4.0,128,10303
SAMSUNG,A31,20.0,0,48.0,MediaTek P65,5000,6.4,4.0,128,11212
SAMSUNG,M01,5.0,0,13.0,Snapdragon 439,4000,5.7,3.0,32,6363
SAMSUNG,A11,8.0,0,13.0,Snapdragon 450,4000,6.4,2.0,32,5757
SAMSUNG,A Quantum,32.0,0,64.0,Exynos 980,4500,6.7,8.0,128,23939
SAMSUNG,A31s,20.0,0,48.0,MediaTek P65,5000,6.4,4.0,128,11818
SAMSUNG,A31s 6GB ,20.0,0,48.0,MediaTek P65,5000,6.4,6.0,128,13030
SAMSUNG,Tab S6 Lite,5.0,0,8.0,Exynos 9611,7040,10.4,4.0,64,21212
SAMSUNG,Tab S6 Lite ,5.0,0,8.0,Exynos 9611,7040,10.4,4.0,128,22727
SAMSUNG,A21,13.0,0,16.0,Mediatek P35,4000,6.5,3.0,32,7272
SAMSUNG,M51,32.0,0,64.0,Snapdragon 730,7000,6.5,6.0,128,18788
SAMSUNG,A41,25.0,0,48.0,Mediatek P65,3500,6.1,4.0,64,12727
SAMSUNG,S20,10.0,0,12.0,Exynos 990,4000,6.2,8.0,128,51818
SAMSUNG,S20 Ultra,40.0,0,108.0,Exynos 990,5000,6.9,12.0,128,68788
SAMSUNG,S20 Plus,10.0,0,12.0,Exynos 990,4500,6.7,8.0,128,56969
SAMSUNG,S7 Mini,5.0,0,12.0,Snapdragon 820,4500,4.6,3.0,32,26792
SAMSUNG,S7 Mini ,5.0,0,12.0,Snapdragon 820,4500,4.6,3.0,64,26792
SAMSUNG,Z Flip,10.0,0,12.0,Snapdragon 855+,3300,6.7,8.0,256,75757
SAMSUNG,Note10 Lite,32.0,0,12.0,Exynos 9810,4500,6.7,8.0,128,30303
SAMSUNG,S10 Lite,32.0,0,48.0,Snapdragon 855,4500,6.7,8.0,128,34545
SAMSUNG,A71,32.0,0,64.0,Snapdragon 730,4500,6.7,8.0,128,20606
SAMSUNG,A01,5.0,0,13.0,Snapdragon 439,3000,5.7,2.0,16,4848
SAMSUNG,A51,32.0,0,48.0,Exynos 9611,4000,6.5,6.0,128,15151
SAMSUNG,A51  ,32.0,0,48.0,Exynos 9611,4000,6.5,8.0,128,16666
SAMSUNG,A20s,8.0,0,13.0,Snapdragon 450,4000,6.5,3.0,32,9242
SAMSUNG,A30s,16.0,0,25.0,Exynos 7904,4000,6.4,4.0,128,11818
SAMSUNG,Note 10 Plus,10.0,0,12.0,Exynos 9825,4300,6.8,12.0,256,57575
SAMSUNG,Note10,10.0,0,12.0,Exynos 9825,3500,6.3,8.0,256,51515
SAMSUNG,A10s,8.0,0,13.0,MediaTek P22,4000,6.2,2.0,32,5151
SAMSUNG,A2 Core,5.0,0,5.0,Exynos 7870 Octa,2600,5.0,1.0,8,3939
SAMSUNG,A2 Core 16GB,5.0,0,5.0,Exynos 7870 Octa,2600,5.0,1.0,16,26792
SAMSUNG,A60,16.0,0,32.0,Snapdragon 675,3500,6.3,6.0,64,16666
SAMSUNG,A60 ,16.0,0,32.0,Snapdragon 675,3500,6.3,6.0,128,26792
SAMSUNG,A80,16.0,1,48.0,Snapdragon 730,3700,6.7,8.0,128,24545
SAMSUNG,S10e,10.0,0,12.0,Exynos 9820,3100,5.8,6.0,128,22727
SAMSUNG,S10e ,10.0,0,12.0,Exynos 9820,3100,5.8,8.0,128,24242
SAMSUNG,S10e 6GB,10.0,0,12.0,Exynos 9820,3100,5.8,8.0,256,26060
SAMSUNG,A70,32.0,0,32.0,Snapdragon 675,4500,6.7,6.0,128,18182
SAMSUNG,A40,25.0,0,16.0,Exynos 7904,3100,5.9,4.0,64,13636
SAMSUNG,A20,8.0,0,13.0,Exynos 7884,4000,6.4,3.0,32,8636
SAMSUNG,S10 Plus,10.0,0,12.0,Exynos 9820,4100,6.4,8.0,128,50000
SAMSUNG,S10 Plus ,10.0,0,12.0,Exynos 9820,4100,6.4,8.0,512,66666
SAMSUNG,S10,10.0,0,12.0,Exynos 9820,3400,6.1,8.0,128,43939
SAMSUNG,A50,25.0,0,25.0,Exynos 9610,4000,6.4,4.0,128,14848
SAMSUNG,A30,16.0,0,16.0,Exynos 7904,4000,6.4,4.0,64,11515
SAMSUNG,A10,5.0,0,13.0,Exynos 7884,3400,6.2,2.0,32,6666
SAMSUNG,Fold,10.0,0,12.0,Snapdragon 855,4380,7.3,12.0,512,103030
SAMSUNG,A8s,24.0,0,24.0,Snapdragon 710,3400,6.4,6.0,128,20303
SAMSUNG,A8s  ,24.0,0,24.0,Snapdragon 710,3400,6.4,8.0,128,26792
SAMSUNG,J4 Core,5.0,0,8.0,Snapdragon 425,3300,6.0,1.0,16,26792
SAMSUNG,A6s,12.0,0,12.0,Snapdragon 660,3300,6.0,6.0,64,13030
SAMSUNG,A6s ,12.0,0,12.0,Snapdragon 660,3300,6.0,6.0,128,26792
SAMSUNG,A9 2018,24.0,0,24.0,Snapdragon 660,3800,6.3,6.0,64,17879
SAMSUNG,A9 2018 ,24.0,0,24.0,Snapdragon 660,3800,6.3,8.0,64,26792
SAMSUNG,A9 2018 ,24.0,0,24.0,Snapdragon 660,3800,6.3,6.0,128,26792
SAMSUNG,A9 2018 ,24.0,0,24.0,Snapdragon 660,3800,6.3,8.0,128,26792
SAMSUNG,J6 Plus,8.0,0,13.0,Snapdragon 425,3300,6.0,3.0,32,7576
SAMSUNG,J6 Plus  ,8.0,0,13.0,Snapdragon 425,3300,6.0,4.0,64,26792
SAMSUNG,J4 Plus,5.0,0,13.0,Snapdragon 425,3300,6.0,2.0,16,5455
SAMSUNG,J4 Plus ,5.0,0,13.0,Snapdragon 425,3300,6.0,2.0,32,26792
SAMSUNG,J4 Plus  ,5.0,0,13.0,Snapdragon 425,3300,6.0,3.0,32,26792
SAMSUNG,A7 2018,24.0,0,24.0,Exynos 7885,3300,6.0,4.0,64,11212
SAMSUNG,A7 2018 ,24.0,0,24.0,Exynos 7885,3300,6.0,4.0,128,26792
SAMSUNG,A7 2018 6GB ,24.0,0,24.0,Exynos 7885,3300,6.0,6.0,128,26792
SAMSUNG,J2 Core,5.0,0,8.0,Exynos 7570 Quad,2600,5.0,1.0,8,26792
SAMSUNG,J2 Core 16GB,5.0,0,8.0,Exynos 7570 Quad,2600,5.0,1.0,16,26792
SAMSUNG,Note9,8.0,0,12.0,Exynos 9810,4000,6.4,6.0,128,26792
SAMSUNG,Note9  ,8.0,0,12.0,Exynos 9810,4000,6.4,8.0,512,26792
SAMSUNG,J7 2018,13.0,0,8.0,Exynos 7870 Octa,3300,5.5,2.0,16,10000
SAMSUNG,J7 2018 ,13.0,0,8.0,Exynos 7870 Octa,3300,5.5,2.0,32,26792
SAMSUNG,J3 2018,5.0,0,8.0,Exynos 7570 Quad,2600,5.0,2.0,16,6061
SAMSUNG,J8,16.0,0,16.0,Snapdragon 450,3500,6.0,3.0,32,26792
SAMSUNG,J8  ,16.0,0,16.0,Snapdragon 450,3500,6.0,4.0,64,26792
SAMSUNG,J6,8.0,0,13.0,Exynos 7870 Octa,3000,5.6,3.0,32,6364
SAMSUNG,J6  ,8.0,0,13.0,Exynos 7870 Octa,3000,5.6,4.0,64,26792
SAMSUNG,J4,5.0,0,13.0,Exynos 7570 Quad,3000,5.5,2.0,16,4848
SAMSUNG,J4 ,5.0,0,13.0,Exynos 7570 Quad,3000,5.5,2.0,32,26792
SAMSUNG,A6 Plus 2018,24.0,0,16.0,Snapdragon 450,3500,6.0,3.0,32,26792
SAMSUNG,A6 Plus 2018 ,24.0,0,16.0,Snapdragon 450,3500,6.0,4.0,32,26792
SAMSUNG,A6 Plus 2018 ,24.0,0,16.0,Snapdragon 450,3500,6.0,4.0,64,26792
SAMSUNG,A6 2018,16.0,0,16.0,Exynos 7870 Octa,3000,5.6,3.0,32,26792
SAMSUNG,A6 2018  ,16.0,0,16.0,Exynos 7870 Octa,3000,5.6,4.0,64,26792
SAMSUNG,J7 Duo,8.0,0,13.0,Exynos 7885,3000,5.5,4.0,32,9091
SAMSUNG,J7 Prime 2,13.0,0,13.0,Exynos 7870 Octa,3300,5.5,3.0,32,8182
SAMSUNG,S9 Plus,8.0,0,12.0,Exynos 9810,3500,6.2,6.0,64,25455
SAMSUNG,S9 Plus ,8.0,0,12.0,Exynos 9810,3500,6.2,6.0,128,26792
SAMSUNG,S9 Plus 6GB,8.0,0,12.0,Exynos 9810,3500,6.2,6.0,256,26792
SAMSUNG,S9,8.0,0,12.0,Exynos 9810,3000,5.8,4.0,64,22424
SAMSUNG,S9 ,8.0,0,12.0,Exynos 9810,3000,5.8,4.0,128,26792
SAMSUNG,S9 6GB,8.0,0,12.0,Exynos 9810,3000,5.8,4.0,256,26792
SAMSUNG,J2 Pro 2018,5.0,0,8.0,Snapdragon 425,2600,5.0,1.5,16,26792
SAMSUNG,J2 Pro 2018  ,5.0,0,8.0,Snapdragon 425,2600,5.0,2.0,16,26792
SAMSUNG,A8 Plus 2018,108.0,0,16.0,Exynos 7885,3500,6.0,4.0,32,11212
SAMSUNG,A8 Plus 2018 6GB ,108.0,0,16.0,Exynos 7885,3500,6.0,6.0,64,26792
SAMSUNG,A8 2018,108.0,0,16.0,Exynos 7885,3000,5.6,4.0,32,15758
SAMSUNG,A8 2018 ,108.0,0,16.0,Exynos 7885,3000,5.6,4.0,64,26792
SAMSUNG,J2 2017,2.0,0,5.0,Exynos 3475 Quad,2000,4.7,1.0,8,26792
SAMSUNG,Note8,8.0,0,12.0,Exynos 8895,3300,6.3,6.0,128,27272
SAMSUNG,Note8 6GB,8.0,0,12.0,Exynos 8895,3300,6.3,6.0,256,29091
SAMSUNG,S8 Active,8.0,0,12.0,Snapdragon 835,4000,5.8,4.0,64,36364
SAMSUNG,J7 Max,13.0,0,13.0,MediaTek P20,3300,5.7,4.0,32,12727
SAMSUNG,J7 2017,13.0,0,13.0,Exynos 7870 Octa,3600,5.5,3.0,16,11212
SAMSUNG,J7 Pro,13.0,0,13.0,Exynos 7870 Octa,3600,5.5,3.0,32,11212
SAMSUNG,J7 Pro ,13.0,0,13.0,Exynos 7870 Octa,3600,5.5,3.0,64,26792
SAMSUNG,J5 2017,13.0,0,13.0,Exynos 7870 Octa,3000,5.2,2.0,16,9091
SAMSUNG,J5 2017 ,13.0,0,13.0,Exynos 7870 Octa,3000,5.2,2.0,32,26792
SAMSUNG,J5 2017  ,13.0,0,13.0,Exynos 7870 Octa,3000,5.2,3.0,32,26792
SAMSUNG,J3 2017,5.0,0,13.0,Exynos 7570 Quad,2400,5.0,2.0,16,5455
SAMSUNG,S8,8.0,0,12.0,Exynos 8895,3000,5.8,4.0,64,23030
SAMSUNG,S8 Plus,8.0,0,12.0,Exynos 8895,3500,6.2,4.0,64,30303
SAMSUNG,S8 Plus 6GB ,8.0,0,12.0,Exynos 8895,3500,6.2,6.0,128,26792
SAMSUNG,C5 Pro,16.0,0,16.0,Snapdragon 626,2600,5.2,4.0,64,17879
SAMSUNG,J3 Emerge,2.0,0,5.0,Snapdragon 430,2600,5.0,1.5,16,26792
SAMSUNG,A5 2017,16.0,0,16.0,Exynos 7880,3000,5.2,3.0,32,12727
SAMSUNG,A5 2017 ,16.0,0,16.0,Exynos 7880,3000,5.2,3.0,64,26792
SAMSUNG,A7 2017,16.0,0,16.0,Exynos 7880,3600,5.7,3.0,32,17879
SAMSUNG,C7 Pro,16.0,0,16.0,Snapdragon 626,3300,5.7,4.0,64,12121
SAMSUNG,J1 Mini Prime,0.3,0,5.0,Spreadtrum SC9830,1500,4.0,1.0,8,26792
SAMSUNG,J2 Prime,5.0,0,8.0,MT6737T,2600,5.0,1.5,8,26792
SAMSUNG,C9 Pro,16.0,0,16.0,Snapdragon 653,4000,6.0,6.0,64,26792
SAMSUNG,J5 Prime,5.0,0,13.0,Exynos 7570 Quad,2400,5.0,2.0,16,26792
SAMSUNG,J5 Prime ,5.0,0,13.0,Exynos 7570 Quad,2400,5.0,2.0,32,26792
SAMSUNG,A8 2016,8.0,0,16.0,Exynos 7420 Octa,3300,5.7,3.0,32,26792
SAMSUNG,J7 Prime,8.0,0,13.0,Exynos 7870 Octa,3300,5.5,3.0,16,26792
SAMSUNG,J7 Prime ,8.0,0,13.0,Exynos 7870 Octa,3300,5.5,3.0,32,26792
SAMSUNG,Note7,5.0,0,12.0,Exynos 8890 Octa,3500,5.7,4.0,64,26792
SAMSUNG,J3 Pro,5.0,0,8.0,Snapdragon 410,2600,5.0,2.0,16,26792
SAMSUNG,C7,8.0,0,16.0,Snapdragon 625,3300,5.7,4.0,32,26792
SAMSUNG,C7 ,8.0,0,16.0,Snapdragon 625,3300,5.7,4.0,64,26792
SAMSUNG,C5,8.0,0,16.0,Snapdragon 617,2600,5.2,4.0,32,26792
SAMSUNG,C5 ,8.0,0,16.0,Snapdragon 617,2600,5.2,4.0,64,26792
SAMSUNG,J7 2016,5.0,0,13.0,Snapdragon 617,3300,5.5,2.0,16,26792
SAMSUNG,J5 2016,5.0,0,13.0,Snapdragon 410,3100,5.2,2.0,16,26792
SAMSUNG,A9 Pro 2016,8.0,0,16.0,Snapdragon 652,5000,6.0,4.0,32,26792
SAMSUNG,S7,5.0,0,12.0,Exynos 8890 Octa,3000,5.1,4.0,32,26792
SAMSUNG,S7 ,5.0,0,12.0,Exynos 8890 Octa,3000,5.1,4.0,64,26792
SAMSUNG,S7 Edge,5.0,0,12.0,Snapdragon 820,3600,5.5,4.0,32,26792
SAMSUNG,S7 Edge ,5.0,0,12.0,Snapdragon 820,3600,5.5,4.0,64,26792
SAMSUNG,S7 Edge ,5.0,0,12.0,Snapdragon 820,3600,5.5,4.0,128,26792
SAMSUNG,J1 2016,2.0,0,5.0,Spreadtrum SC9830,2050,4.5,1.0,8,26792
SAMSUNG,A5 2016,5.0,0,13.0,Exynos 7580 Octa,2900,5.2,2.0,16,26792
SAMSUNG,A7 2016,5.0,0,13.0,Exynos 7580 Octa,3300,5.5,3.0,16,26792
SAMSUNG,A9 2016,8.0,0,13.0,Snapdragon 652,4000,6.0,3.0,32,26792
SAMSUNG,J3 2016,5.0,0,8.0,Spreadtrum SC9830,2600,5.0,1.5,8,26792
SAMSUNG,J3 2016  ,5.0,0,8.0,Spreadtrum SC9830,2600,5.0,2.0,16,26792
SAMSUNG,J2,2.0,0,5.0,Exynos 3475 Quad,2000,4.7,1.0,8,26792
SAMSUNG,J1 Ace,2.0,0,5.0,Spreadtrum SC9830,1850,4.3,0.5,4,26792
SAMSUNG,J1 Ace 768MBGB ,2.0,0,5.0,Spreadtrum SC9830,1850,4.3,0.775,4,26792
SAMSUNG,J1 Ace 1GB ,2.0,0,5.0,Spreadtrum SC9830,1850,4.3,1.0,8,26792
SAMSUNG,A8 Duos,5.0,0,16.0,Snapdragon 615,3050,5.7,2.0,32,26792
SAMSUNG,Note5,5.0,0,16.0,Exynos 7420 Octa,3000,5.7,4.0,32,26792
SAMSUNG,Note5 ,5.0,0,16.0,Exynos 7420 Octa,3000,5.7,4.0,64,26792
SAMSUNG,Note5 ,5.0,0,16.0,Exynos 7420 Octa,3000,5.7,4.0,128,26792
SAMSUNG,S5 Neo,5.0,0,16.0,Exynos 7580 Octa,2800,5.1,2.0,16,11667
SAMSUNG,S6 Edge Plus,5.0,0,16.0,Exynos 7420 Octa,3000,5.7,4.0,32,26792
SAMSUNG,S6 Edge Plus ,5.0,0,16.0,Exynos 7420 Octa,3000,5.7,4.0,64,26792
SAMSUNG,A8,5.0,0,16.0,Snapdragon 615,3050,5.7,2.0,32,26792
SAMSUNG,J7,5.0,0,13.0,Snapdragon 615,3000,5.5,1.5,16,5454
SAMSUNG,J5,5.0,0,13.0,Snapdragon 410,2600,5.0,1.5,8,26792
SAMSUNG,J5 16GB,5.0,0,13.0,Snapdragon 410,2600,5.0,1.5,16,26792
SAMSUNG,S6 Active,5.0,0,16.0,Exynos 7420 Octa,3500,5.1,3.0,32,26792
SAMSUNG,S6 Active ,5.0,0,16.0,Exynos 7420 Octa,3500,5.1,3.0,64,26792
SAMSUNG,S6 Plus,5.0,0,16.0,Exynos 7420 Octa,3000,5.5,4.0,32,26792
SAMSUNG,S6 Edge,5.0,0,16.0,Exynos 7420 Octa,2600,5.1,3.0,32,26792
SAMSUNG,S6 Edge ,5.0,0,16.0,Exynos 7420 Octa,2600,5.1,3.0,64,26792
SAMSUNG,S6 Edge ,5.0,0,16.0,Exynos 7420 Octa,2600,5.1,3.0,128,26792
SAMSUNG,S6,5.0,0,16.0,Exynos 7420 Octa,2550,5.1,3.0,32,26792
SAMSUNG,S6 ,5.0,0,16.0,Exynos 7420 Octa,2550,5.1,3.0,64,26792
SAMSUNG,S6 ,5.0,0,16.0,Exynos 7420 Octa,2550,5.1,3.0,128,26792
SAMSUNG,J1,2.0,0,5.0,Spreadtrum,1850,4.3,0.5,4,26792
SAMSUNG,A7,5.0,0,13.0,Snapdragon 615,2600,5.5,2.0,16,26792
SAMSUNG,A3,5.0,0,8.0,Snapdragon 410,1900,4.5,1.0,16,26792
SAMSUNG,A3 1.5GB ,5.0,0,8.0,Snapdragon 410,1900,4.5,1.5,16,26792
SAMSUNG,A5,5.0,0,13.0,Snapdragon 410,2300,5.0,2.0,16,26792
SAMSUNG,Note Edge,3.7,0,16.0,Snapdragon 805,3000,5.6,3.0,32,26792
SAMSUNG,Note Edge ,3.7,0,16.0,Snapdragon 805,3000,5.6,3.0,64,26792
SAMSUNG,Note 4,3.7,0,16.0,Snapdragon 805,3220,5.7,3.0,32,26792
SAMSUNG,S5 Mini Duos,2.1,0,8.0,-,2100,4.5,1.5,16,26792
SAMSUNG,S5 Mini,2.1,0,8.0,Exynos 3470 Quad,2100,4.5,1.5,16,26792
SAMSUNG,I9300I S3 Neo,1.9,0,8.0,Snapdragon 400,2100,4.8,1.5,16,26792
SAMSUNG,S5,2.0,0,16.0,Snapdragon 801,2800,5.1,2.0,16,26792
SAMSUNG,S5 ,2.0,0,16.0,Snapdragon 801,2800,5.1,2.0,32,26792
SAMSUNG,Note 3,2.0,0,13.0,Snapdragon 800,3200,5.7,3.0,16,26792
SAMSUNG,Note 3 ,2.0,0,13.0,Snapdragon 800,3200,5.7,3.0,32,26792
SAMSUNG,Note 3 ,2.0,0,13.0,Snapdragon 800,3200,5.7,3.0,64,26792
SAMSUNG,S4 Zoom,1.9,0,16.0,Pega-Dual +XMM6262,2330,4.3,1.5,8,26792
SAMSUNG,I9190 S4 Mini,1.9,0,8.0,Snapdragon 400,1900,4.3,1.5,8,26792
SAMSUNG,I9506 S4,2.0,0,13.0,Snapdragon 800,2600,5.0,2.0,16,26792
SAMSUNG,I9506 S4 ,2.0,0,13.0,Snapdragon 800,2600,5.0,2.0,32,26792
SAMSUNG,I9500 S4,2.0,0,13.0,Exynos 5410 Octa,2600,5.0,2.0,16,26792
SAMSUNG,I9500 S4 ,2.0,0,13.0,Exynos 5410 Octa,2600,5.0,2.0,32,26792
SAMSUNG,I9500 S4 ,2.0,0,13.0,Exynos 5410 Octa,2600,5.0,2.0,64,26792
SAMSUNG,I9502 S4,2.0,0,13.0,Exynos 5410 Octa,2600,5.0,2.0,16,26792
SAMSUNG,I9502 S4 ,2.0,0,13.0,Exynos 5410 Octa,2600,5.0,2.0,32,26792
SAMSUNG,I9502 S4 ,2.0,0,13.0,Exynos 5410 Octa,2600,5.0,2.0,64,26792
SAMSUNG,I9505 S4,2.0,0,13.0,Snapdragon 600,2600,5.0,2.0,16,26792
SAMSUNG,I9505 S4 ,2.0,0,13.0,Snapdragon 600,2600,5.0,2.0,32,26792
SAMSUNG,I9505 S4 ,2.0,0,13.0,Snapdragon 600,2600,5.0,2.0,64,26792
SAMSUNG,Note 8.0,1.3,0,5.0,Exynos 4412 Quad,4600,8.0,2.0,16,26792
SAMSUNG,Note 8.0 ,1.3,0,5.0,Exynos 4412 Quad,4600,8.0,2.0,32,26792
SAMSUNG,M01s,8.0,0,13.0,MediaTek P22,4000,5.7,3.0,32,7575
SAMSUNG,M01 Core,5.0,0,8.0,MT6739WW,3000,5.3,1.0,16,26792
SAMSUNG,M01 Core  ,5.0,0,8.0,MT6739WW,3000,5.3,2.0,32,26792
XIAOMI,Redmi Note 13 Pro,16.0,0,50.0,Mediatek,5000,6.67,6.0,128,13333
XIAOMI,Redmi Note 13,8.0,0,48.0,Snapdragon,5000,6.67,4.0,128,11515
XIAOMI,Redmi Note 13 Pro Plus,16.0,0,200.0,Mediatek,5000,6.67,8.0,256,21212
XIAOMI,Poco M6,5.0,0,50.0,Mediatek,5000,6.58,4.0,128,8485
XIAOMI,Poco X5,16.0,0,64.0,Mediatek,5080,6.6,8.0,128,15151
XIAOMI,Poco F5,20.0,0,64.0,Snapdragon,4500,6.67,8.0,128,22727
XIAOMI,Poco X5 GT,16.0,0,64.0,Mediatek,5080,6.6,8.0,128,21212
XIAOMI,13 Lite,16.0,0,64.0,Snapdragon,4500,6.55,8.0,256,29697
XIAOMI,Poco F5 GT,20.0,0,64.0,Snapdragon,4700,6.67,8.0,128,31212
XIAOMI,Redmi Note 12S,32.0,0,108.0,MediaTek,5000,6.43,8.0,128,13636
XIAOMI,13 Pro,32.0,0,50.0,Snapdragon,4600,6.73,12.0,256,63636
XIAOMI,13,32.0,0,50.0,Snapdragon,4500,6.28,12.0,256,56060
XIAOMI,Redmi 11A,5.0,0,13.0,MediaTek,5000,6.53,3.0,32,8485
XIAOMI,Redmi 11C,5.0,0,50.0,Snapdragon,5000,6.71,3.0,64,9697
XIAOMI,Redmi K60,20.0,0,64.0,MediaTek,5500,6.67,8.0,256,28788
XIAOMI,Redmi K60 Pro,20.0,0,108.0,MediaTek,5000,6.67,8.0,256,33333
XIAOMI,Poco X5 Pro,16.0,0,108.0,Snapdragon,5000,6.67,8.0,128,16363
XIAOMI,Redmi K60 Gaming,20.0,0,64.0,Snapdragon 8 Gen 2,4700,6.67,8.0,128,33333
XIAOMI,Poco M5 Pro 5G,8.0,0,48.0,Dimensity 700 5G,5000,6.5,4.0,128,10303
XIAOMI,Poco M5 Pro 5G 6GB ,8.0,0,48.0,Dimensity 700 5G,5000,6.5,6.0,128,11212
XIAOMI,Redmi Note 12,16.0,0,50.0,Snapdragon,5000,6.67,6.0,128,10303
XIAOMI,Redmi Note 12 Pro,16.0,0,108.0,Snapdragon,5000,6.67,8.0,128,13939
XIAOMI,Redmi Note 12 Pro Max,16.0,0,108.0,Snapdragon,4500,6.67,8.0,128,15151
XIAOMI,12s Ultra,20.0,0,50.0,Snapdragon 8+ Gen 1,4800,6.73,12.0,256,60606
XIAOMI,Redmi K50S Pro,20.0,0,108.0,Snapdragon 8+ Gen 1,5000,6.67,12.0,256,33333
XIAOMI,Poco M5s,13.0,0,64.0,Mediatek Helio G99,5000,6.43,8.0,128,12727
XIAOMI,Poco M5,8.0,0,48.0,Snapdragon 662,6000,6.53,4.0,64,7878
XIAOMI,Poco M5 ,8.0,0,48.0,Snapdragon 662,6000,6.53,4.0,128,8485
XIAOMI,Poco M5 6GB ,8.0,0,48.0,Snapdragon 662,6000,6.53,6.0,128,9394
XIAOMI,14,32.0,0,50.0,Snapdragon 8 Gen 2,4500,6.3,12.0,256,56060
XIAOMI,12s,32.0,0,50.0,Snapdragon 8+ Gen 1,4500,6.28,12.0,256,39394
XIAOMI,12s Pro,32.0,0,50.0,Snapdragon 8+ Gen 1,4600,6.73,12.0,512,48485
XIAOMI,Redmi Note 12 Pro Plus Yibo Edition,16.0,0,108.0,Dimensity 1080,4500,6.67,8.0,128,14545
XIAOMI,14 Pro,32.0,0,50.0,Snapdragon 8 Gen 2,4600,6.73,12.0,256,63636
XIAOMI,Redmi K50i,16.0,0,64.0,Dimensity 8100,5080,6.6,6.0,128,16666
XIAOMI,Redmi Note 12 Explorer,16.0,0,108.0,Mediatek Helio G96,5000,6.67,6.0,64,13030
XIAOMI,Redmi A1 Plus,5.0,0,8.0,Mediatek Helio A22,5000,6.52,3.0,32,5757
XIAOMI,12T Pro Hypercharge,16.0,0,108.0,Snapdragon 8+ Gen 1,5000,6.67,12.0,256,33333
XIAOMI,12S Ultra Concept,32.0,0,50.0,Snapdragon 8+ Gen 1,4860,6.73,12.0,512,45454
XIAOMI,Redmi Note 12 Pro Plus,16.0,0,200.0,Dimensity 1080,5000,6.67,6.0,128,24242
XIAOMI,Poco C50,5.0,0,8.0,Mediatek Helio A22,5000,6.52,2.0,32,7272
XIAOMI,Poco C40,5.0,0,50.0,MediaTek,6000,6.7,4.0,64,6666
XIAOMI,Poco X4 GT,16.0,0,64.0,Dimensity 1100 5G,5000,6.6,8.0,128,18182
XIAOMI,Poco X4 GT 6GB,16.0,0,64.0,Dimensity 1100 5G,5000,6.6,8.0,256,19697
XIAOMI,Redmi Note 11T Pro Plus 5G,16.0,0,50.0,Dimensity 8100 5G,5000,6.6,8.0,128,121
XIAOMI,Redmi Note 11T Pro 5G,16.0,0,50.0,Dimensity 1300 5G,4300,6.6,6.0,128,18182
XIAOMI,Redmi Note 11 Lite,16.0,0,64.0,Snapdragon 730G,5260,6.47,8.0,128,17878
XIAOMI,12T,16.0,0,108.0,Dimensity 1200 5G,5000,6.67,8.0,128,24242
XIAOMI,12T 6GB,16.0,0,108.0,Dimensity 1200 5G,5000,6.67,8.0,256,25757
XIAOMI,Redmi 11 Prime,8.0,0,50.0,MediaTek Helio G99,5000,6.58,4.0,64,11818
XIAOMI,Redmi 11 Prime 6GB ,8.0,0,50.0,MediaTek Helio G99,5000,6.58,6.0,128,13333
XIAOMI,Redmi 11 Prime 5G,5.0,0,50.0,Dimensity 700,5000,6.58,4.0,64,12727
XIAOMI,Redmi 11 Prime 5G ,5.0,0,50.0,Dimensity 700,5000,6.58,4.0,128,13636
XIAOMI,Redmi 11 Prime 5G 6GB ,5.0,0,50.0,Dimensity 700,5000,6.58,6.0,128,14242
XIAOMI,Redmi A1,5.0,0,8.0,Mediatek Helio A22,5000,6.52,2.0,32,7575
XIAOMI,Redmi Note 11 SE,13.0,0,64.0,Mediatek Helio G95,5000,6.43,6.0,64,14545
XIAOMI,Redmi Note 11 SE ,13.0,0,64.0,Mediatek Helio G95,5000,6.43,6.0,128,15757
XIAOMI,Redmi Note 11 SE  ,13.0,0,64.0,Mediatek Helio G95,5000,6.43,8.0,128,16969
XIAOMI,Civi 2,32.0,0,64.0,Snapdragon 778G+ 5G,4500,6.55,8.0,128,22727
XIAOMI,Redmi K50 Ultra,20.0,0,108.0,Snapdragon 8+ Gen 1,5000,6.67,8.0,128,31818
XIAOMI,Redmi K50 Ultra 6GB,20.0,0,108.0,Snapdragon 8+ Gen 1,5000,6.67,8.0,256,34545
XIAOMI,Redmi K50 Ultra 6GB,20.0,0,108.0,Snapdragon 8+ Gen 1,5000,6.67,12.0,256,37575
XIAOMI,Redmi K50 Ultra ,20.0,0,108.0,Snapdragon 8+ Gen 1,5000,6.67,12.0,512,41515
XIAOMI,12 Ultra,20.0,0,50.0,Snapdragon 8 Gen1,5000,6.81,8.0,256,56060
XIAOMI,12 Ultra 6GB,20.0,0,50.0,Snapdragon 8 Gen1,5000,6.81,12.0,256,58485
XIAOMI,12 Ultra ,20.0,0,50.0,Snapdragon 8 Gen1,5000,6.81,12.0,512,62121
XIAOMI,Poco F4 Pro,16.0,0,64.0,Dimensity 1200 5G,5065,6.67,8.0,128,18788
XIAOMI,Poco F4 Pro 6GB,16.0,0,64.0,Dimensity 1200 5G,5065,6.67,8.0,256,20606
XIAOMI,Redmi 11,8.0,0,13.0,MediaTek G80,5020,6.53,4.0,128,9394
XIAOMI,Redmi 11 6GB ,8.0,0,13.0,MediaTek G80,5020,6.53,6.0,128,10303
XIAOMI,Redmi 11,8.0,0,13.0,MediaTek G80,5020,6.53,4.0,128,9394
XIAOMI,Redmi 11 6GB ,8.0,0,13.0,MediaTek G80,5020,6.53,6.0,128,10303
XIAOMI,Redmi Note 11S 5G,16.0,0,50.0,Dimensity 810 5G,5000,6.6,6.0,128,15151
XIAOMI,Redmi K50 Pro Plus,20.0,0,108.0,Dimensity 9000 5G,4520,6.67,12.0,256,36363
XIAOMI,Mix Fold 2,20.0,0,108.0,Snapdragon 8 Gen1,5020,8.01,12.0,256,84848
XIAOMI,Mix Fold 2 ,20.0,0,108.0,Snapdragon 8 Gen1,5020,8.01,12.0,512,88485
XIAOMI,Mix Fold 2 16GB ,20.0,0,108.0,Snapdragon 8 Gen1,5020,8.01,16.0,512,91818
XIAOMI,Poco M4 5G,5.0,0,50.0,Dimensity 700 5G,5000,6.58,4.0,128,11818
XIAOMI,Poco M4 5G 6GB ,5.0,0,50.0,Dimensity 700 5G,5000,6.58,6.0,128,12727
XIAOMI,Redmi K50,20.0,0,64.0,Dimensity 8000 5G,4520,6.67,6.0,128,16666
XIAOMI,12 Lite,16.0,0,64.0,Snapdragon 732G,4250,6.55,6.0,128,13636
XIAOMI,12 Lite  ,16.0,0,64.0,Snapdragon 732G,4250,6.55,8.0,128,15151
XIAOMI,Redmi K50 Gaming,16.0,0,64.0,Snapdragon 8 Gen1,4700,6.67,8.0,128,31212
XIAOMI,Redmi K50 Gaming 6GB,16.0,0,64.0,Snapdragon 8 Gen1,4700,6.67,8.0,256,33333
XIAOMI,Redmi K50 Gaming  ,16.0,0,64.0,Snapdragon 8 Gen1,4700,6.67,12.0,256,36363
XIAOMI,Poco F4 GT,16.0,0,108.0,Dimensity 9000 5G,5065,6.67,6.0,128,18182
XIAOMI,Poco F4 GT ,16.0,0,108.0,Dimensity 9000 5G,5065,6.67,8.0,128,19394
XIAOMI,Poco F4 GT 6GB,16.0,0,108.0,Dimensity 9000 5G,5065,6.67,8.0,256,21212
XIAOMI,Redmi 10C,8.0,0,50.0,MediaTek,5000,6.53,3.0,32,5909
XIAOMI,Redmi 10C ,8.0,0,50.0,MediaTek,5000,6.53,3.0,64,6666
XIAOMI,Redmi 10C  ,8.0,0,50.0,MediaTek,5000,6.53,4.0,64,7272
XIAOMI,Poco C4,8.0,0,50.0,MediaTek,5000,6.43,3.0,32,6060
XIAOMI,Poco C4  ,8.0,0,50.0,MediaTek,5000,6.43,4.0,64,6666
XIAOMI,Redmi K40S,16.0,0,108.0,Dimensity 1200 5G,5000,6.67,8.0,128,25757
XIAOMI,Redmi K40S 6GB,16.0,0,108.0,Dimensity 1200 5G,5000,6.67,8.0,256,27272
XIAOMI,Civi 1S,32.0,0,64.0,Snapdragon 778G+ 5G,4500,6.55,8.0,128,21212
XIAOMI,Civi 1S 6GB,32.0,0,64.0,Snapdragon 778G+ 5G,4500,6.55,8.0,256,23333
XIAOMI,Civi 1S  ,32.0,0,64.0,Snapdragon 778G+ 5G,4500,6.55,12.0,256,25757
XIAOMI,Redmi 10 Power,5.0,0,50.0,Snapdragon 680 4G,6000,6.7,8.0,128,10303
XIAOMI,Redmi 10A,5.0,0,13.0,Mediatek G25,5000,6.53,2.0,32,4545
XIAOMI,11 LE,20.0,0,64.0,Snapdragon 778G 5G,4250,6.55,8.0,128,21212
XIAOMI,Poco M4,8.0,0,64.0,Snapdragon 662,6000,6.53,4.0,64,7878
XIAOMI,Poco M4 ,8.0,0,64.0,Snapdragon 662,6000,6.53,4.0,128,8788
XIAOMI,Poco X4,16.0,0,108.0,Dimensity 920 5G,5160,6.67,6.0,128,15151
XIAOMI,Poco X4 ,16.0,0,108.0,Dimensity 920 5G,5160,6.67,8.0,128,16363
XIAOMI,Poco X4 6GB,16.0,0,108.0,Dimensity 920 5G,5160,6.67,8.0,256,17878
XIAOMI,Black Shark 5 Pro,16.0,0,108.0,Snapdragon 8 Gen 1,4650,6.67,8.0,256,40909
XIAOMI,Black Shark 5 RS,20.0,0,64.0,Snapdragon 888 5G,4500,6.67,8.0,256,31818
XIAOMI,Black Shark 5 Pro  ,16.0,0,108.0,Snapdragon 8 Gen 1,4650,6.67,12.0,256,46060
XIAOMI,Black Shark 5,16.0,0,64.0,Snapdragon 870 5G,4650,6.67,8.0,128,27878
XIAOMI,Black Shark 5 RS  ,20.0,0,64.0,Snapdragon 888 5G,4500,6.67,12.0,256,36363
XIAOMI,Black Shark 5 ,16.0,0,64.0,Snapdragon 870 5G,4650,6.67,12.0,128,29697
XIAOMI,Black Shark 5 Pro 16GB ,16.0,0,108.0,Snapdragon 8 Gen 1,4650,6.67,16.0,512,52424
XIAOMI,Black Shark 5 6GB,16.0,0,64.0,Snapdragon 870 5G,4650,6.67,12.0,256,31818
XIAOMI,Redmi 10 5G,5.0,0,50.0,MT6833 Dimensity 700,5000,6.58,4.0,128,13333
XIAOMI,Redmi 10 5G 6GB ,5.0,0,50.0,MT6833 Dimensity 700,5000,6.58,6.0,128,14545
XIAOMI,Redmi Note 11S,16.0,0,108.0,Mediatek G96,5000,6.43,6.0,128,11818
XIAOMI,Redmi Note 11S  ,16.0,0,108.0,Mediatek G96,5000,6.43,8.0,128,12727
XIAOMI,Redmi Note 11 Pro,16.0,0,108.0,Mediatek G96,5000,6.67,6.0,128,13939
XIAOMI,Redmi Note 11 Pro  ,16.0,0,108.0,Mediatek G96,5000,6.67,8.0,128,14848
XIAOMI,Redmi Note 11,13.0,0,50.0,Snapdragon 680 4G,5000,6.43,4.0,64,9394
XIAOMI,Redmi Note 11 ,13.0,0,50.0,Snapdragon 680 4G,5000,6.43,4.0,128,10000
XIAOMI,Redmi Note 11 6GB ,13.0,0,50.0,Snapdragon 680 4G,5000,6.43,6.0,128,10606
XIAOMI,Redmi 20X,8.0,0,48.0,Dimensity 700 5G,5000,6.5,4.0,128,10909
XIAOMI,Redmi 20X 6GB ,8.0,0,48.0,Dimensity 700 5G,5000,6.5,6.0,128,12121
XIAOMI,Redmi Note 11E Pro,16.0,0,108.0,Snapdragon 695 5G,5000,6.67,6.0,128,18182
XIAOMI,Redmi Note 11E,5.0,0,50.0,Dimensity 700 5G,5000,6.58,4.0,128,11212
XIAOMI,Redmi Note 11E 6GB ,5.0,0,50.0,Dimensity 700 5G,5000,6.58,6.0,128,12121
XIAOMI,Poco X4 Pro,20.0,0,48.0,Snapdragon 860,5160,6.67,6.0,128,12121
XIAOMI,Poco X4 Pro ,20.0,0,48.0,Snapdragon 860,5160,6.67,8.0,128,13333
XIAOMI,Poco X4 Pro 6GB,20.0,0,48.0,Snapdragon 860,5160,6.67,8.0,256,14848
XIAOMI,Poco M4 Pro 4G,16.0,0,64.0,Mediatek Helio G96,5000,6.43,6.0,128,10909
XIAOMI,Poco M4 Pro 4G  ,16.0,0,64.0,Mediatek Helio G96,5000,6.43,8.0,256,13030
XIAOMI,Redmi Note 11 Pro 5G,16.0,0,108.0,Snapdragon 695 5G,5000,6.67,6.0,128,16666
XIAOMI,Redmi Note 11 Pro 5G  ,16.0,0,108.0,Snapdragon 695 5G,5000,6.67,8.0,128,17575
XIAOMI,Mi 12 Ultra,20.0,0,50.0,Snapdragon 898 5G,5000,6.81,8.0,256,48485
XIAOMI,Mi 12 Ultra 6GB,20.0,0,50.0,Snapdragon 898 5G,5000,6.81,12.0,256,51515
XIAOMI,Mi 12 Ultra ,20.0,0,50.0,Snapdragon 898 5G,5000,6.81,12.0,512,53939
XIAOMI,Mi 12,20.0,0,108.0,Snapdragon 898 5G,4600,6.81,8.0,128,39394
XIAOMI,Mi 12 6GB,20.0,0,108.0,Snapdragon 898 5G,4600,6.81,8.0,256,41212
XIAOMI,Mi 12  ,20.0,0,108.0,Snapdragon 898 5G,4600,6.81,12.0,256,44242
XIAOMI,Mi 12 Pro,20.0,0,50.0,Snapdragon 898 5G,5000,6.81,8.0,256,42424
XIAOMI,Mi 12 Pro  ,20.0,0,50.0,Snapdragon 898 5G,5000,6.81,12.0,256,44848
XIAOMI,Poco X4 NFC,16.0,0,108.0,Dimensity 920 5G,5160,6.67,6.0,128,16666
XIAOMI,Poco X4 NFC ,16.0,0,108.0,Dimensity 920 5G,5160,6.67,8.0,128,17575
XIAOMI,Poco X4 NFC 6GB,16.0,0,108.0,Dimensity 920 5G,5160,6.67,8.0,256,19091
XIAOMI,11i HyperCharge,16.0,0,108.0,Dimensity 920 5G,4500,6.67,6.0,128,17575
XIAOMI,11i HyperCharge ,16.0,0,108.0,Dimensity 920 5G,4500,6.67,8.0,128,19091
XIAOMI,11i HyperCharge 6GB,16.0,0,108.0,Dimensity 920 5G,4500,6.67,8.0,256,20606
XIAOMI,11i,16.0,0,108.0,Dimensity 920 5G,5160,6.67,6.0,128,15454
XIAOMI,11i ,16.0,0,108.0,Dimensity 920 5G,5160,6.67,8.0,128,16969
XIAOMI,11i 6GB,16.0,0,108.0,Dimensity 920 5G,5160,6.67,8.0,256,18485
XIAOMI,12,32.0,0,50.0,Snapdragon 8 Gen1,4500,6.28,8.0,128,32727
XIAOMI,12 6GB,32.0,0,50.0,Snapdragon 8 Gen1,4500,6.28,8.0,256,34848
XIAOMI,12  ,32.0,0,50.0,Snapdragon 8 Gen1,4500,6.28,12.0,256,37878
XIAOMI,12 Pro,32.0,0,50.0,Snapdragon 8 Gen1,4600,6.73,8.0,128,39394
XIAOMI,12 Pro 6GB,32.0,0,50.0,Snapdragon 8 Gen1,4600,6.73,8.0,256,42424
XIAOMI,12 Pro  ,32.0,0,50.0,Snapdragon 8 Gen1,4600,6.73,12.0,256,45454
XIAOMI,12X,32.0,0,50.0,Snapdragon 870 5G,4500,6.28,8.0,128,27878
XIAOMI,12X 6GB,32.0,0,50.0,Snapdragon 870 5G,4500,6.28,8.0,256,30909
XIAOMI,12X  ,32.0,0,50.0,Snapdragon 870 5G,4500,6.28,12.0,256,33333
XIAOMI,Redmi 9 Power,8.0,0,48.0,Snapdragon 662,6000,6.53,4.0,64,6969
XIAOMI,Redmi 9 Power ,8.0,0,48.0,Snapdragon 662,6000,6.53,4.0,128,7575
XIAOMI,Redmi Note 11T 5G,16.0,0,50.0,Dimensity 810 5G,5000,6.6,4.0,64,10303
XIAOMI,Redmi Note 11T 5G 6GB ,16.0,0,50.0,Dimensity 810 5G,5000,6.6,6.0,128,11515
XIAOMI,Redmi Note 11T 5G  ,16.0,0,50.0,Dimensity 810 5G,5000,6.6,8.0,128,12424
XIAOMI,Redmi K50 Pro,20.0,0,64.0,Snapdragon 870 5G,4520,6.67,6.0,128,20000
XIAOMI,Redmi K50 Pro  ,20.0,0,64.0,Snapdragon 870 5G,4520,6.67,8.0,256,22727
XIAOMI,Pad 5,8.0,0,13.0,Snapdragon 860,8720,11.0,6.0,256,21212
XIAOMI,Poco M4 Pro 5G,16.0,0,50.0,Dimensity 810 5G,5000,6.6,4.0,64,14242
XIAOMI,Poco M4 Pro 5G 6GB ,16.0,0,50.0,Dimensity 810 5G,5000,6.6,6.0,128,15151
XIAOMI,Redmi 9i Sport,5.0,0,13.0,MediaTek G25,5000,6.53,4.0,64,6060
XIAOMI,Redmi 9i Sport ,5.0,0,13.0,MediaTek G25,5000,6.53,4.0,128,6666
XIAOMI,Redmi K40 Ultra,20.0,0,108.0,Dimensity 1200 5G,4520,6.67,12.0,256,33333
XIAOMI,Redmi Note 11 Ultra,16.0,0,108.0,Snapdragon 732G,5020,6.67,8.0,128,13636
XIAOMI,Mi 11T,20.0,0,64.0,Dimensity 1200 5G,5000,6.67,6.0,128,19697
XIAOMI,Mi 11T  ,20.0,0,64.0,Dimensity 1200 5G,5000,6.67,8.0,128,21818
XIAOMI,Redmi Note 11 Pro Plus 5G,16.0,0,108.0,Dimensity 920 5G,4500,6.67,6.0,128,16666
XIAOMI,Redmi Note 11 Pro Plus 5G ,16.0,0,108.0,Dimensity 920 5G,4500,6.67,8.0,128,17878
XIAOMI,Redmi Note 11 Pro Plus 5G 6GB,16.0,0,108.0,Dimensity 920 5G,4500,6.67,8.0,256,19394
XIAOMI,Redmi Note 11 5G,16.0,0,50.0,Dimensity 810 5G,5000,6.6,4.0,128,10000
XIAOMI,Redmi Note 11 5G 6GB ,16.0,0,50.0,Dimensity 810 5G,5000,6.6,6.0,128,10606
XIAOMI,Redmi Note 11 5G ,16.0,0,50.0,Dimensity 810 5G,5000,6.6,8.0,128,11515
XIAOMI,Redmi Note 11 5G 6GB,16.0,0,50.0,Dimensity 810 5G,5000,6.6,8.0,256,12727
XIAOMI,Mi Note 11,32.0,0,64.0,Snapdragon 778G,5260,6.47,8.0,128,15757
XIAOMI,Mi Note 11 Pro,32.0,0,108.0,Snapdragon 870 5G,5260,6.47,8.0,256,21818
XIAOMI,Black Shark 4S ,20.0,0,48.0,Snapdragon 870 5G,4500,6.67,12.0,128,28788
XIAOMI,Black Shark 4S 6GB,20.0,0,48.0,Snapdragon 870 5G,4500,6.67,12.0,256,31212
XIAOMI,Black Shark 4S,20.0,0,48.0,Snapdragon 870 5G,4500,6.67,8.0,128,27272
XIAOMI,Black Shark 4S Pro,20.0,0,64.0,Snapdragon 888+ 5G,4500,6.67,12.0,256,39394
XIAOMI,Black Shark 4S Pro 16GB ,20.0,0,64.0,Snapdragon 888+ 5G,4500,6.67,16.0,512,43939
XIAOMI,Redmi Note 11 Pro Max,16.0,0,108.0,Snapdragon 732G,5020,6.67,8.0,128,13636
XIAOMI,Mi 11T Pro,16.0,0,108.0,Snapdragon 888 5G,5000,6.67,12.0,256,34545
XIAOMI,11T,16.0,0,108.0,Dimensity 1200 5G,5000,6.67,8.0,128,22727
XIAOMI,11T 6GB,16.0,0,108.0,Dimensity 1200 5G,5000,6.67,8.0,256,24242
XIAOMI,11T Pro,16.0,0,108.0,Snapdragon 888 5G,5000,6.67,12.0,256,34545
XIAOMI,11 Lite 5G NE,20.0,0,64.0,Snapdragon 778G 5G,4250,6.55,8.0,128,21212
XIAOMI,11 Lite 5G NE 6GB,20.0,0,64.0,Snapdragon 778G 5G,4250,6.55,8.0,256,21515
XIAOMI,Mi 11 Lite 5G NE,20.0,0,64.0,Snapdragon 778G 5G,4250,6.55,8.0,128,21212
XIAOMI,Mi 11 Lite 5G NE 6GB,20.0,0,64.0,Snapdragon 778G 5G,4250,6.55,8.0,256,22424
XIAOMI,Poco C31,5.0,0,13.0,Mediatek G35,5000,6.53,3.0,32,5454
XIAOMI,Poco C31  ,5.0,0,13.0,Mediatek G35,5000,6.53,4.0,64,6363
XIAOMI,Redmi Note 10 Lite,16.0,0,48.0,Snapdragon 720G,5020,6.67,4.0,64,9091
XIAOMI,Redmi Note 10 Lite ,16.0,0,48.0,Snapdragon 720G,5020,6.67,4.0,128,10000
XIAOMI,Redmi Note 10 Lite 6GB ,16.0,0,48.0,Snapdragon 720G,5020,6.67,6.0,128,10909
XIAOMI,Civi,32.0,0,64.0,Snapdragon 778G 5G,4500,6.55,8.0,128,21212
XIAOMI,Civi 6GB,32.0,0,64.0,Snapdragon 778G 5G,4500,6.55,8.0,256,23030
XIAOMI,Civi  ,32.0,0,64.0,Snapdragon 778G 5G,4500,6.55,12.0,256,24848
XIAOMI,Redmi 9A Sport,5.0,0,13.0,MediaTek G25,5000,6.53,2.0,32,4697
XIAOMI,Redmi 9A Sport  ,5.0,0,13.0,MediaTek G25,5000,6.53,3.0,32,5303
XIAOMI,Redmi 9 Activ,5.0,0,13.0,Mediatek G35,5000,6.53,4.0,64,6363
XIAOMI,Redmi 9 Activ 6GB ,5.0,0,13.0,Mediatek G35,5000,6.53,6.0,128,7575
XIAOMI,Poco F3 Pro,20.0,0,64.0,Snapdragon 888 5G,4520,6.67,8.0,256,27272
XIAOMI,Poco F4,20.0,0,48.0,Snapdragon 870 5G,4520,6.67,6.0,128,16666
XIAOMI,Poco F4  ,20.0,0,48.0,Snapdragon 870 5G,4520,6.67,8.0,256,19697
XIAOMI,Redmi 10 Prime,8.0,0,50.0,MediaTek G88,5000,6.5,4.0,64,7575
XIAOMI,Redmi 10 Prime ,8.0,0,50.0,MediaTek G88,5000,6.5,4.0,128,8485
XIAOMI,Redmi 10 Prime 6GB ,8.0,0,50.0,MediaTek G88,5000,6.5,6.0,128,9394
XIAOMI,Redmi 10,8.0,0,50.0,Mediatek G88,5000,6.5,4.0,64,8636
XIAOMI,Redmi 10 ,8.0,0,50.0,Mediatek G88,5000,6.5,4.0,128,9697
XIAOMI,Redmi 10 6GB ,8.0,0,50.0,Mediatek G88,5000,6.5,6.0,128,10606
XIAOMI,Mi Mix 4,20.0,0,108.0,Snapdragon 888+ 5G,4500,6.67,8.0,128,39394
XIAOMI,Mi Mix 4 6GB,20.0,0,108.0,Snapdragon 888+ 5G,4500,6.67,8.0,256,41818
XIAOMI,Mi Mix 4 6GB,20.0,0,108.0,Snapdragon 888+ 5G,4500,6.67,12.0,256,44242
XIAOMI,Mi Mix 4 ,20.0,0,108.0,Snapdragon 888+ 5G,4500,6.67,12.0,512,47272
XIAOMI,Redmi Note 10 JE,8.0,0,48.0,Snapdragon 480 5G,4800,6.5,4.0,64,10303
XIAOMI,Redmi Note 10 JE ,8.0,0,48.0,Snapdragon 480 5G,4800,6.5,4.0,128,11515
XIAOMI,Poco X3 GT,16.0,0,64.0,Dimensity 1100 5G,5000,6.6,8.0,128,16666
XIAOMI,Poco X3 GT 6GB,16.0,0,64.0,Dimensity 1100 5G,5000,6.6,8.0,256,18182
XIAOMI,Poco F3 GT,16.0,0,64.0,Dimensity 1200 5G,5065,6.67,6.0,128,18182
XIAOMI,Poco F3 GT ,16.0,0,64.0,Dimensity 1200 5G,5065,6.67,8.0,128,19394
XIAOMI,Poco F3 GT 6GB,16.0,0,64.0,Dimensity 1200 5G,5065,6.67,8.0,256,20909
XIAOMI,Redmi Note 10T 5G,8.0,0,48.0,Dimensity 700 5G,5000,6.5,4.0,64,10303
XIAOMI,Redmi Note 10T 5G 6GB ,8.0,0,48.0,Dimensity 700 5G,5000,6.5,6.0,128,11515
XIAOMI,Mi 11,20.0,0,108.0,Snapdragon 888,4600,6.81,8.0,256,43939
XIAOMI,Poco M3 Pro,8.0,0,48.0,MT6833 Dimensity 700 5G,5000,6.5,4.0,64,8788
XIAOMI,Poco M3 Pro ,8.0,0,48.0,MT6833 Dimensity 700 5G,5000,6.5,4.0,128,9394
XIAOMI,Poco M3 Pro 6GB ,8.0,0,48.0,MT6833 Dimensity 700 5G,5000,6.5,6.0,128,10303
XIAOMI,Poco M3 Pro 5G,8.0,0,48.0,Dimensity 700 5G,5000,6.5,4.0,64,9697
XIAOMI,Poco M3 Pro 5G 6GB ,8.0,0,48.0,Dimensity 700 5G,5000,6.5,6.0,128,10909
XIAOMI,Redmi Note 10 Pro 5G,16.0,0,64.0,Dimensity 1100 5G,5000,6.6,6.0,128,13939
XIAOMI,Redmi Note 10 Pro 5G ,16.0,0,64.0,Dimensity 1100 5G,5000,6.6,8.0,128,15151
XIAOMI,Redmi Note 10 Pro 5G 6GB,16.0,0,64.0,Dimensity 1100 5G,5000,6.6,8.0,256,16666
XIAOMI,Mi 11i,20.0,0,108.0,Snapdragon 888,4520,6.67,8.0,128,34242
XIAOMI,Mi 11i 6GB,20.0,0,108.0,Snapdragon 888,4520,6.67,8.0,256,36363
XIAOMI,Redmi Note 8 2021,13.0,0,48.0,Mediatek G85,4000,6.3,4.0,64,8485
XIAOMI,Redmi Note 8 2021 ,13.0,0,48.0,Mediatek G85,4000,6.3,4.0,128,9091
XIAOMI,Redmi Note 10 5G,8.0,0,48.0,Dimensity 700 5G,5000,6.5,4.0,128,10303
XIAOMI,Redmi Note 10 5G 6GB ,8.0,0,48.0,Dimensity 700 5G,5000,6.5,6.0,128,10909
XIAOMI,Redmi Note 10S,13.0,0,64.0,MediaTek G95,5000,6.43,6.0,128,11515
XIAOMI,Redmi Note 10S  ,13.0,0,64.0,MediaTek G95,5000,6.43,8.0,128,12121
XIAOMI,Mi 11X Pro,20.0,0,108.0,Snapdragon 888 5G,4520,6.67,8.0,128,26666
XIAOMI,Mi 11X Pro 6GB,20.0,0,108.0,Snapdragon 888 5G,4520,6.67,8.0,256,28788
XIAOMI,Mi 11X,20.0,0,48.0,Snapdragon 870 5G,4520,6.67,6.0,128,18788
XIAOMI,Mi 11X  ,20.0,0,48.0,Snapdragon 870 5G,4520,6.67,8.0,128,20303
XIAOMI,Poco M2 Reloaded,8.0,0,13.0,MediaTek G80,5000,6.53,4.0,64,7272
XIAOMI,Poco X3 Pro,20.0,0,48.0,Snapdragon 860,5160,6.67,6.0,128,15151
XIAOMI,Poco X3 Pro  ,20.0,0,48.0,Snapdragon 860,5160,6.67,8.0,256,17575
XIAOMI,Poco F3,20.0,0,48.0,Snapdragon 870 5G,4520,6.67,6.0,128,16969
XIAOMI,Poco F3  ,20.0,0,48.0,Snapdragon 870 5G,4520,6.67,8.0,256,23030
XIAOMI,Mi 11 Ultra,20.0,0,50.0,Snapdragon 888 5G,5000,6.81,8.0,256,60303
XIAOMI,Mi 11 Ultra 6GB,20.0,0,50.0,Snapdragon 888 5G,5000,6.81,12.0,256,63030
XIAOMI,Mi 11 Ultra ,20.0,0,50.0,Snapdragon 888 5G,5000,6.81,12.0,512,66060
XIAOMI,Mi 11 Pro,20.0,0,50.0,Snapdragon 888 5G,5000,6.81,8.0,128,42424
XIAOMI,Mi 11 Pro 6GB,20.0,0,50.0,Snapdragon 888 5G,5000,6.81,8.0,256,45454
XIAOMI,Mi 11 Pro  ,20.0,0,50.0,Snapdragon 888 5G,5000,6.81,12.0,256,48485
XIAOMI,Mi 11 Lite,16.0,0,64.0,Snapdragon 732G,4250,6.55,6.0,128,13939
XIAOMI,Black Shark 4 Pro,20.0,0,64.0,Snapdragon 888 5G,4500,6.67,8.0,256,34848
XIAOMI,Black Shark 4 Pro  ,20.0,0,64.0,Snapdragon 888 5G,4500,6.67,12.0,256,36969
XIAOMI,Black Shark 4 Pro 16GB ,20.0,0,64.0,Snapdragon 888 5G,4500,6.67,16.0,512,40303
XIAOMI,Black Shark 4,20.0,0,48.0,Snapdragon 870 5G,4500,6.67,6.0,128,23939
XIAOMI,Black Shark 4 ,20.0,0,48.0,Snapdragon 870 5G,4500,6.67,8.0,128,25151
XIAOMI,Black Shark 4 6GB,20.0,0,48.0,Snapdragon 870 5G,4500,6.67,8.0,256,26666
XIAOMI,Black Shark 4 ,20.0,0,48.0,Snapdragon 870 5G,4500,6.67,12.0,128,26969
XIAOMI,Black Shark 4 6GB,20.0,0,48.0,Snapdragon 870 5G,4500,6.67,12.0,256,29091
XIAOMI,Mi 11 Lite 5G,20.0,0,64.0,Snapdragon 780G,4250,6.55,6.0,128,16060
XIAOMI,Mi 11 Lite 5G ,20.0,0,64.0,Snapdragon 780G,4250,6.55,8.0,128,16969
XIAOMI,Mi 11 Lite 5G 6GB,20.0,0,64.0,Snapdragon 780G,4250,6.55,8.0,256,18485
XIAOMI,Redmi Note 10 Pro Max,16.0,0,108.0,Snapdragon 732G,5020,6.67,6.0,64,12424
XIAOMI,Redmi Note 10 Pro Max ,16.0,0,108.0,Snapdragon 732G,5020,6.67,6.0,128,13030
XIAOMI,Redmi Note 10 Pro Max  ,16.0,0,108.0,Snapdragon 732G,5020,6.67,8.0,128,13939
XIAOMI,Mi 10S,20.0,0,108.0,Snapdragon 870 5G,4780,6.67,8.0,128,24848
XIAOMI,Mi 10S 6GB,20.0,0,108.0,Snapdragon 870 5G,4780,6.67,8.0,256,26060
XIAOMI,Mi 10S  ,20.0,0,108.0,Snapdragon 870 5G,4780,6.67,12.0,256,27575
XIAOMI,Redmi Note 10,13.0,0,48.0,Snapdragon 678,5000,6.43,4.0,128,9697
XIAOMI,Redmi Note 10 Pro,16.0,0,108.0,Snapdragon 732G,5020,6.67,6.0,128,15454
XIAOMI,Redmi Note 10 Pro  ,16.0,0,108.0,Snapdragon 732G,5020,6.67,8.0,128,17575
XIAOMI,Redmi K40 Pro,20.0,0,64.0,Snapdragon 888 5G,4520,6.67,6.0,128,25757
XIAOMI,Redmi K40 Pro ,20.0,0,64.0,Snapdragon 888 5G,4520,6.67,8.0,128,27878
XIAOMI,Redmi K40 Pro 6GB,20.0,0,64.0,Snapdragon 888 5G,4520,6.67,8.0,256,30000
XIAOMI,Redmi K40,20.0,0,48.0,Snapdragon 870 5G,4520,6.67,6.0,128,16666
XIAOMI,Redmi K40 ,20.0,0,48.0,Snapdragon 870 5G,4520,6.67,8.0,128,18182
XIAOMI,Redmi K40 6GB,20.0,0,48.0,Snapdragon 870 5G,4520,6.67,8.0,256,19697
XIAOMI,Redmi K40  ,20.0,0,48.0,Snapdragon 870 5G,4520,6.67,12.0,256,21818
XIAOMI,Mi Mix Fold,20.0,0,108.0,Snapdragon 888,5020,8.01,12.0,256,66666
XIAOMI,Mi Mix Fold ,20.0,0,108.0,Snapdragon 888,5020,8.01,12.0,512,69091
XIAOMI,Mi Mix Fold 16GB ,20.0,0,108.0,Snapdragon 888,5020,8.01,16.0,512,71515
XIAOMI,Redmi K40 Pro Plus,20.0,0,108.0,Snapdragon 888 5G,4520,6.67,12.0,256,37878
XIAOMI,Poco F2,20.0,0,64.0,Snapdragon 732G,4250,6.67,6.0,128,14545
XIAOMI,Poco F2  ,20.0,0,64.0,Snapdragon 732G,4250,6.67,8.0,128,15454
XIAOMI,Redmi Note 9T,13.0,0,48.0,Dimensity 800U 5G,5000,6.53,4.0,64,12121
XIAOMI,Redmi Note 9T ,13.0,0,48.0,Dimensity 800U 5G,5000,6.53,4.0,128,13333
XIAOMI,Redmi 9T,8.0,0,48.0,Snapdragon 662,6000,6.53,4.0,64,7878
XIAOMI,Redmi 9T ,8.0,0,48.0,Snapdragon 662,6000,6.53,4.0,128,8485
XIAOMI,Redmi 9T 6GB ,8.0,0,48.0,Snapdragon 662,6000,6.53,6.0,128,9697
XIAOMI,Mi 10i,16.0,0,108.0,Snapdragon 750G 5G,4820,6.67,6.0,128,14242
XIAOMI,Mi 10i  ,16.0,0,108.0,Snapdragon 750G 5G,4820,6.67,8.0,128,15151
XIAOMI,Mi 10T Lite,16.0,0,64.0,Snapdragon 750G 5G,4820,6.67,6.0,128,15151
XIAOMI,Redmi Note 9 Pro 5G,16.0,0,108.0,Snapdragon 750G 5G,4820,6.67,6.0,128,12727
XIAOMI,Redmi Note 9 Pro 5G ,16.0,0,108.0,Snapdragon 750G 5G,4820,6.67,8.0,128,13333
XIAOMI,Redmi Note 9 Pro 5G 6GB,16.0,0,108.0,Snapdragon 750G 5G,4820,6.67,8.0,256,14242
XIAOMI,Poco M3,8.0,0,48.0,Snapdragon 662,6000,6.53,4.0,64,7878
XIAOMI,Poco M3 ,8.0,0,48.0,Snapdragon 662,6000,6.53,4.0,128,8182
XIAOMI,Mi 10T,20.0,0,64.0,Snapdragon 865,5000,6.67,6.0,128,19091
XIAOMI,Mi 10T  ,20.0,0,64.0,Snapdragon 865,5000,6.67,8.0,128,19697
XIAOMI,Redmi Note 9 5G,13.0,0,48.0,Dimensity 800U 5G,5000,6.53,6.0,128,12424
XIAOMI,Redmi Note 9 5G ,13.0,0,48.0,Dimensity 800U 5G,5000,6.53,8.0,128,13636
XIAOMI,Redmi Note 9 5G 6GB,13.0,0,48.0,Dimensity 800U 5G,5000,6.53,8.0,256,14848
XIAOMI,Redmi Note 9 4G,8.0,0,48.0,Snapdragon 662,6000,6.53,4.0,128,8182
XIAOMI,Redmi Note 9 4G 6GB ,8.0,0,48.0,Snapdragon 662,6000,6.53,6.0,128,9091
XIAOMI,Redmi Note 9 4G ,8.0,0,48.0,Snapdragon 662,6000,6.53,8.0,128,10000
XIAOMI,Redmi Note 9 4G 6GB,8.0,0,48.0,Snapdragon 662,6000,6.53,8.0,256,11212
XIAOMI,Poco C3,5.0,0,13.0,Mediatek G35,5000,6.53,2.0,32,5000
XIAOMI,Poco C3  ,5.0,0,13.0,Mediatek G35,5000,6.53,3.0,64,5757
XIAOMI,Poco X3 NFC,20.0,0,64.0,Snapdragon 732G,5160,6.67,6.0,128,12727
XIAOMI,Poco X3,20.0,0,64.0,Snapdragon 732G,6000,6.67,6.0,64,11515
XIAOMI,Poco X3 ,20.0,0,64.0,Snapdragon 732G,6000,6.67,6.0,128,12121
XIAOMI,Poco X3  ,20.0,0,64.0,Snapdragon 732G,6000,6.67,8.0,128,13030
XIAOMI,Mi 10T Pro,20.0,0,108.0,Snapdragon 865,5000,6.67,8.0,128,25151
XIAOMI,Mi 10T Pro 6GB,20.0,0,108.0,Snapdragon 865,5000,6.67,8.0,256,26666
XIAOMI,Poco M2,8.0,0,13.0,Mediatek G80,5000,6.53,6.0,64,7575
XIAOMI,Poco M2 ,8.0,0,13.0,Mediatek G80,5000,6.53,6.0,128,8485
XIAOMI,Mi 10 Ultra 5G,20.0,0,48.0,Snapdragon 865,4500,6.67,8.0,128,43939
XIAOMI,Mi 10 Ultra 5G 6GB,20.0,0,48.0,Snapdragon 865,4500,6.67,8.0,256,46969
XIAOMI,Mi 10 Ultra 5G  ,20.0,0,48.0,Snapdragon 865,4500,6.67,12.0,256,49091
XIAOMI,Redmi K30 Ultra,20.0,1,64.0,MT6889Z Dimensity 1000+,4500,6.67,6.0,128,19697
XIAOMI,Redmi K30 Ultra ,20.0,1,64.0,MT6889Z Dimensity 1000+,4500,6.67,8.0,128,20909
XIAOMI,Redmi K30 Ultra 6GB,20.0,1,64.0,MT6889Z Dimensity 1000+,4500,6.67,8.0,256,22121
XIAOMI,Redmi K30 Ultra ,20.0,1,64.0,MT6889Z Dimensity 1000+,4500,6.67,8.0,512,23636
XIAOMI,Redmi 9C,5.0,0,13.0,Mediatek G35,5000,6.53,2.0,32,5060
XIAOMI,Redmi 9C  ,5.0,0,13.0,Mediatek G35,5000,6.53,3.0,64,5757
XIAOMI,Redmi 9C  ,5.0,0,13.0,Mediatek G35,5000,6.53,4.0,128,6969
XIAOMI,Redmi 9 Prime,8.0,0,13.0,MediaTek G80,5020,6.53,4.0,64,7727
XIAOMI,Redmi 9 Prime ,8.0,0,13.0,MediaTek G80,5020,6.53,4.0,128,8485
XIAOMI,Redmi 9A,5.0,0,13.0,Mediatek G25,5000,6.53,2.0,32,4727
XIAOMI,Poco M2 Pro,16.0,0,48.0,Snapdragon 720G,5000,6.67,4.0,64,9697
XIAOMI,Poco M2 Pro 6GB ,16.0,0,48.0,Snapdragon 720G,5000,6.67,6.0,128,11515
XIAOMI,Poco F2 Pro 5G,20.0,1,64.0,Snapdragon 865,4700,6.67,8.0,256,33939
XIAOMI,Redmi Note 9 Pro,16.0,0,64.0,Snapdragon 720G,5020,6.67,6.0,128,13333
XIAOMI,Redmi Note 9,13.0,0,48.0,Mediatek G85,5020,6.53,4.0,128,9697
XIAOMI,Redmi 10X,13.0,0,48.0,Mediatek G85,5020,6.53,6.0,128,9697
XIAOMI,Redmi 9,8.0,0,13.0,MediaTek G80,5020,6.53,3.0,32,6515
XIAOMI,Redmi 9  ,8.0,0,13.0,MediaTek G80,5020,6.53,4.0,64,8333
XIAOMI,Mi Note 10 Lite,16.0,0,64.0,Snapdragon 730G,5260,6.47,8.0,128,19091
XIAOMI,Redmi Note 9 Pro Max,32.0,0,64.0,Snapdragon 720G,5020,6.67,6.0,128,12727
XIAOMI,Redmi Note 9 Pro Max  ,32.0,0,64.0,Snapdragon 720G,5020,6.67,8.0,128,13939
XIAOMI,Redmi Note 9S,16.0,0,48.0,Snapdragon 720G,5020,6.67,4.0,64,11212
XIAOMI,Redmi Note 9S 6GB ,16.0,0,48.0,Snapdragon 720G,5020,6.67,6.0,128,11515
XIAOMI,Mi 10 5G,20.0,0,108.0,Snapdragon 865,4780,6.67,8.0,256,45454
XIAOMI,Mi 10 Pro 5G,20.0,0,108.0,Snapdragon 865,4500,6.67,8.0,256,50000
XIAOMI,Mi 10 Pro 5G 6GB,20.0,0,108.0,Snapdragon 865,4500,6.67,12.0,256,52424
XIAOMI,Mi 10 Pro 5G ,20.0,0,108.0,Snapdragon 865,4500,6.67,12.0,512,55151
XIAOMI,Black Shark 3,20.0,0,64.0,Snapdragon 865,4720,6.67,8.0,128,22424
XIAOMI,Black Shark 3 ,20.0,0,64.0,Snapdragon 865,4720,6.67,12.0,128,24242
XIAOMI,Black Shark 3 6GB,20.0,0,64.0,Snapdragon 865,4720,6.67,12.0,256,25757
XIAOMI,Black Shark 3 Pro,20.0,0,64.0,Snapdragon 865,5000,7.1,8.0,256,30909
XIAOMI,Black Shark 3 Pro  ,20.0,0,64.0,Snapdragon 865,5000,7.1,12.0,512,34545
XIAOMI,Poco X2,82.0,0,64.0,Snapdragon 730G,4500,6.67,6.0,64,12121
XIAOMI,Poco X2 ,82.0,0,64.0,Snapdragon 730G,4500,6.67,6.0,128,13030
XIAOMI,Poco X2  ,82.0,0,64.0,Snapdragon 730G,4500,6.67,8.0,256,14545
XIAOMI,Redmi 8,8.0,0,12.0,Snapdragon 439,5000,6.22,3.0,32,6818
XIAOMI,Redmi 8  ,8.0,0,12.0,Snapdragon 439,5000,6.22,4.0,64,26792
XIAOMI,Redmi 8A,8.0,0,12.0,Snapdragon 439,5000,6.2,2.0,32,5000
XIAOMI,Redmi Note 8 Pro,20.0,0,64.0,Mediatek G90T,4500,6.53,6.0,64,12121
XIAOMI,Redmi Note 8 Pro ,20.0,0,64.0,Mediatek G90T,4500,6.53,6.0,128,13333
XIAOMI,Redmi Note 8,13.0,0,48.0,Snapdragon 665,4000,6.3,4.0,64,9091
XIAOMI,Mi 9T Pro,20.0,1,48.0,Snapdragon 855,4000,6.39,6.0,64,18485
XIAOMI,Mi 9T Pro ,20.0,1,48.0,Snapdragon 855,4000,6.39,6.0,128,26792
XIAOMI,Mi 9T Pro  ,20.0,1,48.0,Snapdragon 855,4000,6.39,8.0,256,26792
XIAOMI,Mi 9T,20.0,1,48.0,Snapdragon 730,4000,6.39,6.0,64,15757
XIAOMI,Mi 9T ,20.0,1,48.0,Snapdragon 730,4000,6.39,6.0,128,26792
XIAOMI,Black Shark 2,20.0,0,48.0,Snapdragon 855,4000,6.39,6.0,128,26792
XIAOMI,Black Shark 2 ,20.0,0,48.0,Snapdragon 855,4000,6.39,8.0,128,26792
XIAOMI,Black Shark 2 6GB,20.0,0,48.0,Snapdragon 855,4000,6.39,8.0,256,26792
XIAOMI,Black Shark 2  ,20.0,0,48.0,Snapdragon 855,4000,6.39,12.0,256,26792
XIAOMI,Redmi Note 7 Pro,13.0,0,48.0,Snapdragon 675,4000,6.3,4.0,64,8182
XIAOMI,Redmi Note 7 Pro ,13.0,0,48.0,Snapdragon 675,4000,6.3,6.0,64,26792
XIAOMI,Redmi Note 7 Pro ,13.0,0,48.0,Snapdragon 675,4000,6.3,6.0,128,26792
XIAOMI,Redmi Note 7,13.0,0,48.0,Snapdragon 660,4000,6.3,3.0,32,8333
XIAOMI,Redmi Note 7 ,13.0,0,48.0,Snapdragon 660,4000,6.3,4.0,64,26792
XIAOMI,Redmi Note 7 6GB ,13.0,0,48.0,Snapdragon 660,4000,6.3,6.0,64,26792
XIAOMI,Redmi Note 7 ,13.0,0,48.0,Snapdragon 660,4000,6.3,4.0,128,26792
XIAOMI,Redmi 7,8.0,0,12.0,Snapdragon 632,4000,6.26,3.0,32,7878
APPLE,iPhone 15 Pro Max,12.0,0,48.0,Apple Bionic,4323,6.7,6.0,128,141212
APPLE,iPhone 15 Pro,12.0,0,48.0,Apple Bionic,3200,6.1,6.0,128,121212
APPLE,iPhone 15 Plus,12.0,0,12.0,Apple Bionic,4323,6.7,6.0,128,70606
APPLE,iPhone 15,12.0,0,12.0,Apple Bionic,3279,6.1,6.0,128,96969
APPLE,iPhone SE 4,7.0,0,12.0,Apple A15 Bionic,2018,6.1,4.0,64,33333
APPLE,iPad 2022,12.0,0,12.0,Apple A14 Bionic,7700,10.9,0.625,128,45454
APPLE,iPad 2022  ,12.0,0,12.0,Apple A14 Bionic,7700,10.9,0.248,128,57575
APPLE,iPad Pro 12.9 2022,12.0,0,12.0,Apple M2,10758,12.9,8.0,128,124242
APPLE,iPad Pro 12.9 2022 6GB,12.0,0,12.0,Apple M2,10758,12.9,8.0,256,133333
APPLE,iPad Pro 12.9 2022 ,12.0,0,12.0,Apple M2,10758,12.9,8.0,512,142424
APPLE,iPad Pro 12.9 2022 ,12.0,0,12.0,Apple M2,10758,12.9,16.0,1024,151515
APPLE,iPad Pro 12.9 2022 ,12.0,0,12.0,Apple M2,10758,12.9,16.0,2048,160606
APPLE,iPhone Flip,12.0,0,12.0,Apple A14 Bionic,3687,6.7,6.0,128,85454
APPLE,iPhone Flip 6GB,12.0,0,12.0,Apple A14 Bionic,3687,6.7,6.0,256,92727
APPLE,iPad Pro 11 2022,12.0,0,12.0,Apple M2,7538,11.0,8.0,128,66666
APPLE,iPad Pro 11 2022 6GB,12.0,0,12.0,Apple M2,7538,11.0,8.0,256,75757
APPLE,iPad Pro 11 2022 ,12.0,0,12.0,Apple M2,7538,11.0,8.0,512,84848
APPLE,iPad Pro 11 2022 ,12.0,0,12.0,Apple M2,7538,11.0,16.0,1024,96969
APPLE,iPad Pro 11 2022 ,12.0,0,12.0,Apple M2,7538,11.0,16.0,2048,106060
APPLE,iPhone 14 Pro Max ,12.0,0,48.0,Apple A16 Bionic,3687,6.7,6.0,512,77878
APPLE,iPhone 14 Mini,12.0,0,12.0,Apple A15 Bionic,2438,5.4,4.0,128,49394
APPLE,iPhone 14 Mini 6GB,12.0,0,12.0,Apple A15 Bionic,2438,5.4,4.0,256,54545
APPLE,iPhone 14 Mini ,12.0,0,12.0,Apple A15 Bionic,2438,5.4,4.0,512,61818
APPLE,iPhone 14,12.0,0,12.0,Apple A16 Bionic,2815,6.1,4.0,64,52121
APPLE,iPhone 14 ,12.0,0,12.0,Apple A16 Bionic,2815,6.1,4.0,128,54848
APPLE,iPhone 14 6GB,12.0,0,12.0,Apple A16 Bionic,2815,6.1,4.0,256,57878
APPLE,iPhone 14 Pro,12.0,0,48.0,Apple A16 Bionic,2815,6.1,6.0,128,64242
APPLE,iPhone 14 Pro 6GB,12.0,0,48.0,Apple A16 Bionic,2815,6.1,6.0,256,67272
APPLE,iPhone 14 Pro ,12.0,0,48.0,Apple A16 Bionic,2815,6.1,6.0,512,70909
APPLE,iPhone 14 Pro Max,12.0,0,48.0,Apple A16 Bionic,3687,6.7,6.0,128,71212
APPLE,iPhone 14 Pro Max 6GB,12.0,0,48.0,Apple A16 Bionic,3687,6.7,6.0,256,74545
APPLE,iPhone 12 Flip,12.0,0,12.0,Apple A14 Bionic,2815,6.1,6.0,128,82727
APPLE,iPhone 12 Flip 6GB,12.0,0,12.0,Apple A14 Bionic,2815,6.1,6.0,256,89697
APPLE,iPhone 14 Plus,12.0,0,12.0,Apple A15 Bionic,4500,6.7,4.0,128,69697
APPLE,iPhone 14 Plus 6GB,12.0,0,12.0,Apple A15 Bionic,4500,6.7,4.0,256,78788
APPLE,iPhone 14 Plus ,12.0,0,12.0,Apple A15 Bionic,4500,6.7,4.0,512,93939
APPLE,iPhone SE Plus,7.0,0,12.0,Apple A14 Bionic,1821,6.1,3.0,64,33333
APPLE,iPhone SE Plus ,7.0,0,12.0,Apple A14 Bionic,1821,6.1,3.0,128,37878
APPLE,iPhone SE Plus 6GB,7.0,0,12.0,Apple A14 Bionic,1821,6.1,3.0,256,42424
APPLE,iPhone SE 3,7.0,0,12.0,Apple A15 Bionic,1821,4.7,3.0,64,28788
APPLE,iPhone SE 3 ,7.0,0,12.0,Apple A15 Bionic,1821,4.7,3.0,128,31818
APPLE,iPhone SE 3 6GB,7.0,0,12.0,Apple A15 Bionic,1821,4.7,3.0,256,34848
APPLE,iPhone SE 2022,7.0,0,12.0,Apple A15 Bionic,1821,4.7,4.0,64,32727
APPLE,iPhone SE 2022 ,7.0,0,12.0,Apple A15 Bionic,1821,4.7,4.0,128,36363
APPLE,iPhone SE 2022 6GB,7.0,0,12.0,Apple A15 Bionic,1821,4.7,4.0,256,41212
APPLE,iPad Air 2022,12.0,0,12.0,Apple M1,7700,10.9,8.0,64,42424
APPLE,iPad Air 2022 6GB,12.0,0,12.0,Apple M1,7700,10.9,8.0,256,46969
APPLE,iPhone 13 Pro,12.0,0,12.0,Apple A15 Bionic,3125,6.1,6.0,128,85848
APPLE,iPhone 13 Pro 6GB,12.0,0,12.0,Apple A15 Bionic,3125,6.1,6.0,256,90939
APPLE,iPhone 13 Pro ,12.0,0,12.0,Apple A15 Bionic,3125,6.1,6.0,512,104818
APPLE,iPhone 13 Pro ,12.0,0,12.0,Apple A15 Bionic,3125,6.1,6.0,1000,119394
APPLE,iPhone 13 Pro Max,12.0,0,12.0,Apple A15 Bionic,4373,6.7,6.0,128,91273
APPLE,iPhone 13 Pro Max 6GB,12.0,0,12.0,Apple A15 Bionic,4373,6.7,6.0,256,97697
APPLE,iPhone 13 Pro Max ,12.0,0,12.0,Apple A15 Bionic,4373,6.7,6.0,512,112273
APPLE,iPhone 13 Pro Max ,12.0,0,12.0,Apple A15 Bionic,4373,6.7,6.0,1000,126152
APPLE,iPhone 13 Mini,12.0,0,12.0,Apple A15 Bionic,2438,5.4,4.0,128,60091
APPLE,iPhone 13 Mini 6GB,12.0,0,12.0,Apple A15 Bionic,2438,5.4,4.0,256,68394
APPLE,iPhone 13 Mini ,12.0,0,12.0,Apple A15 Bionic,2438,5.4,4.0,512,82697
APPLE,iPhone 13,12.0,0,12.0,Apple A15 Bionic,3240,6.1,4.0,128,68515
APPLE,iPhone 13 6GB,12.0,0,12.0,Apple A15 Bionic,3240,6.1,4.0,256,75545
APPLE,iPhone 13 ,12.0,0,12.0,Apple A15 Bionic,3240,6.1,4.0,512,91061
APPLE,iPhone 12 Pro Max,12.0,0,12.0,Apple A14 Bionic,3687,6.7,6.0,128,75424
APPLE,iPhone 12 Pro Max 6GB,12.0,0,12.0,Apple A14 Bionic,3687,6.7,6.0,256,81061
APPLE,iPhone 12 Pro Max ,12.0,0,12.0,Apple A14 Bionic,3687,6.7,6.0,512,92576
APPLE,iPhone 12 Pro,12.0,0,12.0,Apple A14 Bionic,2815,6.7,6.0,128,69667
APPLE,iPhone 12 Pro 6GB,12.0,0,12.0,Apple A14 Bionic,2815,6.7,6.0,256,75424
APPLE,iPhone 12 Pro ,12.0,0,12.0,Apple A14 Bionic,2815,6.7,6.0,512,86818
APPLE,iPhone 12,12.0,0,12.0,Apple A14,2815,6.7,4.0,64,58182
APPLE,iPhone 12 ,12.0,0,12.0,Apple A14,2815,6.7,4.0,128,61061
APPLE,iPhone 12 6GB,12.0,0,12.0,Apple A14,2815,6.7,4.0,256,66818
APPLE,iPhone 12 Mini,12.0,0,12.0,Apple A14 Bionic,2227,5.4,4.0,64,52576
APPLE,iPhone 12 Mini ,12.0,0,12.0,Apple A14 Bionic,2227,5.4,4.0,128,55303
APPLE,iPhone 12 Mini 6GB,12.0,0,12.0,Apple A14 Bionic,2227,5.4,4.0,256,61061
APPLE,iPhone 12s,12.0,0,12.0,Apple A14 Bionic,2815,6.1,6.0,128,68182
APPLE,iPhone 12s 6GB,12.0,0,12.0,Apple A14 Bionic,2815,6.1,6.0,256,73030
APPLE,iPhone 12s ,12.0,0,12.0,Apple A14 Bionic,2815,6.1,6.0,512,78788
APPLE,iPhone SE 2020,7.0,0,12.0,Apple A13 Bionic,1821,4.7,3.0,64,27272
APPLE,iPhone SE 2020 ,7.0,0,12.0,Apple A13 Bionic,1821,4.7,3.0,128,30303
APPLE,iPhone SE 2020 6GB,7.0,0,12.0,Apple A13 Bionic,1821,4.7,3.0,256,37878
APPLE,iPhone 11 Pro Max,12.0,0,12.0,Apple A13 Bionic,3969,6.5,4.0,64,69697
APPLE,iPhone 11 Pro Max 6GB,12.0,0,12.0,Apple A13 Bionic,3969,6.5,4.0,256,78788
APPLE,iPhone 11 Pro Max ,12.0,0,12.0,Apple A13 Bionic,3969,6.5,4.0,512,84848
APPLE,iPhone 11 Pro,12.0,0,12.0,Apple A13 Bionic,3046,5.8,4.0,64,65151
APPLE,iPhone 11 Pro 6GB,12.0,0,12.0,Apple A13 Bionic,3046,5.8,4.0,256,71212
APPLE,iPhone 11,12.0,0,12.0,Apple A13 Bionic,3110,6.1,4.0,64,48485
APPLE,iPhone 11 ,12.0,0,12.0,Apple A13 Bionic,3110,6.1,4.0,128,50303
APPLE,iPad 10.2,1.2,0,8.0,Apple A10 Fusion,8827,10.2,3.0,32,19697
APPLE,iPad 10.2 ,1.2,0,8.0,Apple A10 Fusion,8827,10.2,3.0,128,22727
APPLE,Watch Edition Series 5,16.0,0,12.0,Apple S5,4500,1.78,0.0,32,26792
APPLE,Watch Series 5,16.0,0,12.0,Apple S5,4500,1.78,0.0,32,26792
APPLE,iPad Mini 2019,7.0,0,8.0,Apple A12 Bionic,5124,7.9,3.0,64,21212
APPLE,iPad Mini 2019 6GB,7.0,0,8.0,Apple A12 Bionic,5124,7.9,3.0,256,24242
APPLE,iPad Air 2019,7.0,0,8.0,Apple A12 Bionic,8134,10.5,3.0,64,26792
APPLE,iPad Air 2019 6GB,7.0,0,8.0,Apple A12 Bionic,8134,10.5,3.0,256,26792
APPLE,iPad Pro 12.9 2018,7.0,0,12.0,Apple A12X Bionic,9720,12.9,4.0,64,26792
APPLE,iPad Pro 12.9 2018 6GB,7.0,0,12.0,Apple A12X Bionic,9720,12.9,4.0,256,26792
APPLE,iPad Pro 12.9 2018 ,7.0,0,12.0,Apple A12X Bionic,9720,12.9,4.0,512,26792
APPLE,iPad Pro 12.9 2018 6GB ,7.0,0,12.0,Apple A12X Bionic,9720,12.9,6.0,1000,26792
APPLE,iPad Pro 11,7.0,0,12.0,Apple A12X Bionic,7812,11.0,4.0,64,26792
APPLE,iPad Pro 11 6GB,7.0,0,12.0,Apple A12X Bionic,7812,11.0,4.0,256,26792
APPLE,iPad Pro 11 ,7.0,0,12.0,Apple A12X Bionic,7812,11.0,4.0,512,26792
APPLE,iPad Pro 11 6GB ,7.0,0,12.0,Apple A12X Bionic,7812,11.0,6.0,1000,26792
APPLE,iPhone XS Max,7.0,0,12.0,Apple A12 Bionic,3174,6.5,4.0,64,48485
APPLE,iPhone XS Max 6GB,7.0,0,12.0,Apple A12 Bionic,3174,6.5,4.0,256,51515
APPLE,iPhone XS Max ,7.0,0,12.0,Apple A12 Bionic,3174,6.5,4.0,512,54545
APPLE,iPhone XS,7.0,0,12.0,Apple A12 Bionic,2658,5.8,4.0,64,43939
APPLE,iPhone XS 6GB,7.0,0,12.0,Apple A12 Bionic,2658,5.8,4.0,256,46060
APPLE,iPhone XS ,7.0,0,12.0,Apple A12 Bionic,2658,5.8,4.0,512,48485
APPLE,iPhone XR,7.0,0,12.0,Apple A12 Bionic,2942,6.1,3.0,64,39394
APPLE,iPhone XR ,7.0,0,12.0,Apple A12 Bionic,2942,6.1,3.0,128,40909
APPLE,iPhone X,7.0,0,12.0,Apple A11 Bionic,2716,5.8,3.0,64,40909
APPLE,iPhone X 6GB,7.0,0,12.0,Apple A11 Bionic,2716,5.8,3.0,256,43939
APPLE,iPhone 8 Plus,7.0,0,12.0,Apple A11 Bionic,2691,5.5,3.0,64,24242
APPLE,iPhone 8 Plus 6GB,7.0,0,12.0,Apple A11 Bionic,2691,5.5,3.0,256,27272
APPLE,iPhone 8,7.0,0,12.0,Apple A11 Bionic,1821,4.7,2.0,64,18182
APPLE,iPhone 8 6GB,7.0,0,12.0,Apple A11 Bionic,1821,4.7,2.0,256,21212
APPLE,iPhone 7 Plus,7.0,0,12.0,Apple A10 Fusion,2900,5.5,3.0,32,13636
APPLE,iPhone 7 Plus ,7.0,0,12.0,Apple A10 Fusion,2900,5.5,3.0,128,16666
APPLE,iPhone 7,7.0,0,12.0,Apple A10 Fusion,1960,4.7,2.0,32,10303
APPLE,iPhone 7 ,7.0,0,12.0,Apple A10 Fusion,1960,4.7,2.0,128,12424
APPLE,iPhone SE,1.2,0,12.0,Apple A9,1624,4.0,2.0,16,9545
APPLE,iPhone SE ,1.2,0,12.0,Apple A9,1624,4.0,2.0,32,26792
APPLE,iPhone SE ,1.2,0,12.0,Apple A9,1624,4.0,2.0,64,26792
APPLE,iPhone SE ,1.2,0,12.0,Apple A9,1624,4.0,2.0,128,26792
APPLE,iPhone 6s Plus,5.0,0,12.0,Apple A9,2750,5.5,2.0,16,7878
APPLE,iPhone 6s Plus ,5.0,0,12.0,Apple A9,2750,5.5,2.0,64,9394
APPLE,iPhone 6s Plus ,5.0,0,12.0,Apple A9,2750,5.5,2.0,128,10909
APPLE,iPhone 6s,5.0,0,12.0,Apple A9,1715,4.7,2.0,16,6969
APPLE,iPhone 6s ,5.0,0,12.0,Apple A9,1715,4.7,2.0,64,8030
APPLE,iPhone 6s ,5.0,0,12.0,Apple A9,1715,4.7,2.0,128,9545
APPLE,iPhone 6 Plus,1.2,0,8.0,Apple A8,2915,5.5,1.0,16,13030
APPLE,iPhone 6 Plus ,1.2,0,8.0,Apple A8,2915,5.5,1.0,64,26792
APPLE,iPhone 6 Plus ,1.2,0,8.0,Apple A8,2915,5.5,1.0,128,26792
APPLE,iPhone 6,1.2,0,8.0,Apple A8,1810,4.7,1.0,16,4545
APPLE,iPhone 6 ,1.2,0,8.0,Apple A8,1810,4.7,1.0,32,5454
APPLE,iPhone 6 ,1.2,0,8.0,Apple A8,1810,4.7,1.0,64,6363
APPLE,iPhone 6 ,1.2,0,8.0,Apple A8,1810,4.7,1.0,128,7424
APPLE,iPhone 5s,1.2,0,8.0,Apple A7,1560,4.0,1.0,16,7818
APPLE,iPhone 5s ,1.2,0,8.0,Apple A7,1560,4.0,1.0,32,26792
APPLE,iPhone 5s ,1.2,0,8.0,Apple A7,1560,4.0,1.0,64,26792
APPLE,iPhone 5,1.2,0,8.0,Apple A6,1440,4.0,1.0,16,7818
APPLE,iPhone 5 ,1.2,0,8.0,Apple A6,1440,4.0,1.0,32,26792
APPLE,iPhone 5 ,1.2,0,8.0,Apple A6,1440,4.0,1.0,64,26792
APPLE,iPhone 4s,0.3,0,8.0,Apple A5,1432,3.5,0.5,8,2879
APPLE,iPhone 4s 16GB,0.3,0,8.0,Apple A5,1432,3.5,0.5,16,26792
APPLE,iPhone 4s ,0.3,0,8.0,Apple A5,1432,3.5,0.5,32,26792
APPLE,iPhone 4s ,0.3,0,8.0,Apple A5,1432,3.5,0.5,64,26792
APPLE,iPhone 4,0.3,0,5.0,Apple A4,1420,3.5,0.5,8,2424
APPLE,iPhone 4 16GB,0.3,0,5.0,Apple A4,1420,3.5,0.5,16,26792
APPLE,iPhone 4 ,0.3,0,5.0,Apple A4,1420,3.5,0.5,32,26792
APPLE,iPhone 3GS,16.0,0,3.15,-,4500,3.5,0.25,16,10000
APPLE,iPhone 3GS ,16.0,0,3.15,-,4500,3.5,0.25,32,15455
APPLE,iPhone 3G,16.0,0,2.0,-,4500,3.5,0.125,8,26792
APPLE,iPhone 3G 16GB,16.0,0,2.0,-,4500,3.5,0.125,16,26792
ONEPLUS,Nord N400,16.0,0,48.0,Dimensity,5000,6.56,4.0,64,15151
ONEPLUS,Nord 3 Lite,16.0,0,64.0,Snapdragon,5000,6.59,8.0,128,14545
ONEPLUS,11T,16.0,0,50.0,Snapdragon,4800,6.7,8.0,128,39697
ONEPLUS,Nord 3T,32.0,0,50.0,Dimensity,4500,6.43,8.0,128,26666
ONEPLUS,11R,16.0,0,50.0,Dimensity,5000,6.7,8.0,128,33636
ONEPLUS,Nord CE 3 Lite,16.0,0,64.0,Snapdragon,5000,6.59,6.0,128,20606
ONEPLUS,Nord N30 5G,16.0,0,64.0,Snapdragon,4500,6.43,6.0,128,18788
ONEPLUS,11,32.0,0,50.0,Snapdragon,5000,6.7,8.0,256,36363
ONEPLUS,11 Pro,32.0,0,50.0,Snapdragon,5000,6.7,12.0,256,45454
ONEPLUS,Nord CE 3,16.0,0,64.0,Dimensity,4500,6.43,6.0,128,22727
ONEPLUS,10RT,32.0,0,50.0,Snapdragon 8+ Gen 1,4800,6.7,12.0,256,42424
ONEPLUS,Nord N20 SE,8.0,0,13.0,MediaTek Helio G35,5000,6.56,4.0,64,9091
ONEPLUS,10T,32.0,0,50.0,Snapdragon 8+ Gen 1,4800,6.7,8.0,256,40909
ONEPLUS,Nord N300,16.0,0,48.0,Dimensity 810,5000,6.56,4.0,64,15151
ONEPLUS,Ace Pro,16.0,0,50.0,Snapdragon 8+ Gen 1,4500,6.7,12.0,256,39394
ONEPLUS,10 Ultra,32.0,0,48.0,Snapdragon 8 Gen 1,5000,6.7,12.0,256,48485
ONEPLUS,Ace,16.0,0,50.0,Dimensity 8100,4500,6.7,8.0,128,31818
ONEPLUS,10R,16.0,0,48.0,Dimensity 9000 5G,4500,6.55,8.0,128,25757
ONEPLUS,10R 6GB,16.0,0,48.0,Dimensity 9000 5G,4500,6.55,8.0,256,28182
ONEPLUS,10R  ,16.0,0,48.0,Dimensity 9000 5G,4500,6.55,12.0,256,31212
ONEPLUS,Nord 2T,32.0,0,50.0,Dimensity 1300 5G,4500,6.43,6.0,128,22727
ONEPLUS,Nord 2T  ,32.0,0,50.0,Dimensity 1300 5G,4500,6.43,8.0,128,24242
ONEPLUS,Nord 2T  ,32.0,0,50.0,Dimensity 1300 5G,4500,6.43,12.0,256,26060
ONEPLUS,Nord 3,16.0,0,50.0,Dimensity 8100 5G,4500,6.7,8.0,128,24242
ONEPLUS,Nord N20 5G,16.0,0,48.0,Snapdragon 695 5G,4500,6.43,6.0,128,18182
ONEPLUS,Nord CE 2 Lite 5G,16.0,0,64.0,Snapdragon 695 5G,5000,6.59,6.0,128,19697
ONEPLUS,Nord CE 2 Lite 5G ,16.0,0,64.0,Snapdragon 695 5G,5000,6.59,8.0,128,21212
ONEPLUS,Nord CE 2 Lite 5G 6GB,16.0,0,64.0,Snapdragon 695 5G,5000,6.59,8.0,256,23030
ONEPLUS,Nord N1,16.0,0,64.0,Snapdragon 690 5G,4300,6.49,6.0,128,13939
ONEPLUS,9E,16.0,0,64.0,Snapdragon 690 5G,5000,6.5,8.0,128,15151
ONEPLUS,Ace Racing Edition,16.0,0,64.0,Dimensity 8100-Max,5000,6.59,8.0,128,19091
ONEPLUS,Ace Racing Edition 6GB,16.0,0,64.0,Dimensity 8100-Max,5000,6.59,8.0,256,21212
ONEPLUS,Ace Racing Edition  ,16.0,0,64.0,Dimensity 8100-Max,5000,6.59,12.0,256,24242
ONEPLUS,Nord 2 CE 5G,16.0,0,64.0,Dimensity 900 5G,4500,6.43,8.0,128,20606
ONEPLUS,Nord 2 CE 5G 6GB,16.0,0,64.0,Dimensity 900 5G,4500,6.43,8.0,256,22727
ONEPLUS,Nord 2 CE 5G  ,16.0,0,64.0,Dimensity 900 5G,4500,6.43,12.0,256,24848
ONEPLUS,10,16.0,0,48.0,Snapdragon 888 5G,4500,6.55,12.0,256,41818
ONEPLUS,RT 6GB,16.0,0,50.0,Snapdragon 888 5G,4500,6.62,8.0,256,32121
ONEPLUS,RT  ,16.0,0,50.0,Snapdragon 888 5G,4500,6.62,12.0,256,35151
ONEPLUS,RT,16.0,0,50.0,Snapdragon 888 5G,4500,6.62,8.0,128,29697
ONEPLUS,10 Pro,32.0,0,48.0,Snapdragon 8 Gen1,5000,6.7,8.0,128,39394
ONEPLUS,10 Pro 6GB,32.0,0,48.0,Snapdragon 8 Gen1,5000,6.7,8.0,256,41818
ONEPLUS,10 Pro  ,32.0,0,48.0,Snapdragon 8 Gen1,5000,6.7,12.0,256,44848
ONEPLUS,9 RT,16.0,0,50.0,Snapdragon 888 5G,4500,6.62,8.0,128,27272
ONEPLUS,9 RT 6GB,16.0,0,50.0,Snapdragon 888 5G,4500,6.62,8.0,256,29091
ONEPLUS,9 RT  ,16.0,0,50.0,Snapdragon 888 5G,4500,6.62,12.0,256,31818
ONEPLUS,9T,16.0,0,108.0,Snapdragon 888 5G,4500,6.55,8.0,128,36060
ONEPLUS,9T  ,16.0,0,108.0,Snapdragon 888 5G,4500,6.55,12.0,256,39394
ONEPLUS,Nord 2,32.0,0,50.0,Dimensity 1200 5G,4500,6.43,6.0,128,21212
ONEPLUS,Nord 2  ,32.0,0,50.0,Dimensity 1200 5G,4500,6.43,8.0,128,22727
ONEPLUS,Nord 2  ,32.0,0,50.0,Dimensity 1200 5G,4500,6.43,12.0,256,26363
ONEPLUS,Nord CE 5G,16.0,0,64.0,Snapdragon 750G 5G,4500,6.43,8.0,128,19697
ONEPLUS,Nord CE 5G  ,16.0,0,64.0,Snapdragon 750G 5G,4500,6.43,12.0,256,23939
ONEPLUS,9,16.0,0,50.0,Snapdragon 888,4500,6.55,12.0,256,40909
ONEPLUS,Nord N200 5G,16.0,0,13.0,Snapdragon 480 5G,5000,6.49,4.0,64,12121
ONEPLUS,9R,16.0,0,48.0,Snapdragon 870 5G,4500,6.55,8.0,128,28485
ONEPLUS,9R  ,16.0,0,48.0,Snapdragon 870 5G,4500,6.55,12.0,256,31818
ONEPLUS,9 Pro,16.0,0,48.0,Snapdragon 888,4500,6.7,8.0,128,46969
ONEPLUS,9 Pro  ,16.0,0,48.0,Snapdragon 888,4500,6.7,12.0,256,54545
ONEPLUS,Nord N100,8.0,0,13.0,Snapdragon 460,5000,6.52,4.0,64,6818
ONEPLUS,Nord N10,16.0,0,64.0,Snapdragon 690 5G,4300,6.49,6.0,128,15151
ONEPLUS,Clover,16.0,0,13.0,Snapdragon 460,6000,6.52,4.0,64,10606
ONEPLUS,8T,16.0,0,48.0,Snapdragon 865,4500,6.55,8.0,128,31212
ONEPLUS,8T  ,16.0,0,48.0,Snapdragon 865,4500,6.55,12.0,256,36060
ONEPLUS,Nord,32.0,0,48.0,Snapdragon 765G,4115,6.44,8.0,128,23939
ONEPLUS,Nord  ,32.0,0,48.0,Snapdragon 765G,4115,6.44,12.0,256,28788
ONEPLUS,8 Pro,16.0,0,48.0,Snapdragon 865,4510,6.78,8.0,128,43636
ONEPLUS,8 Pro  ,16.0,0,48.0,Snapdragon 865,4510,6.78,12.0,256,48485
ONEPLUS,8,16.0,0,48.0,Snapdragon 865,4300,6.55,12.0,256,31969
ONEPLUS,7T,16.0,0,48.0,Snapdragon 855+,3800,6.55,8.0,128,33333
ONEPLUS,7T 6GB,16.0,0,48.0,Snapdragon 855+,3800,6.55,8.0,256,34848
ONEPLUS,7 Pro,16.0,1,48.0,Snapdragon 855,4000,6.67,6.0,128,33333
ONEPLUS,7 Pro  ,16.0,1,48.0,Snapdragon 855,4000,6.67,8.0,256,26792
ONEPLUS,7 Pro  ,16.0,1,48.0,Snapdragon 855,4000,6.67,12.0,256,26792
ONEPLUS,7,16.0,0,48.0,Snapdragon 855,3700,6.41,6.0,128,21212
ONEPLUS,7  ,16.0,0,48.0,Snapdragon 855,3700,6.41,8.0,256,26792
ONEPLUS,6T,16.0,0,16.0,Snapdragon 845,3700,6.41,6.0,128,20303
ONEPLUS,6T ,16.0,0,16.0,Snapdragon 845,3700,6.41,8.0,128,26792
ONEPLUS,6T 6GB,16.0,0,16.0,Snapdragon 845,3700,6.41,8.0,256,26792
ONEPLUS,6,16.0,0,16.0,Snapdragon 845,3300,6.28,6.0,64,24848
ONEPLUS,6 ,16.0,0,16.0,Snapdragon 845,3300,6.28,8.0,128,26792
ONEPLUS,6 6GB,16.0,0,16.0,Snapdragon 845,3300,6.28,8.0,256,26792
ONEPLUS,5T,16.0,0,16.0,Snapdragon 835,3300,6.01,6.0,64,25757
ONEPLUS,5T  ,16.0,0,16.0,Snapdragon 835,3300,6.01,8.0,128,28485
ONEPLUS,5,16.0,0,16.0,Snapdragon 835,3300,5.5,6.0,64,26666
ONEPLUS,5  ,16.0,0,16.0,Snapdragon 835,3300,5.5,8.0,128,23030
OPPO,X 2021,32.0,0,50.0,Snapdragon 888 5G,4500,6.7,8.0,256,65151
OPPO,X 2021  ,32.0,0,50.0,Snapdragon 888 5G,4500,6.7,12.0,256,67272
OPPO,Reno 10,32.0,0,50.0,Dimensity,4500,6.4,8.0,128,24242
OPPO,Reno 10 Pro,32.0,0,50.0,Dimensity,4500,6.7,8.0,256,25454
OPPO,Reno 10 Pro Plus,32.0,0,50.0,Dimensity,4500,6.7,8.0,256,26060
OPPO,A18K,5.0,0,8.0,Mediatek,5000,6.56,3.0,64,8788
OPPO,Find X7,32.0,0,50.0,Snapdragon,4800,6.55,8.0,128,46969
OPPO,A18,5.0,0,50.0,Mediatek,5000,6.56,4.0,64,7272
OPPO,A78,8.0,0,16.0,Snapdragon,5000,6.56,8.0,128,12121
OPPO,Find X7 Pro,32.0,0,50.0,Snapdragon,5000,6.7,8.0,256,64545
OPPO,A77,8.0,0,13.0,Snapdragon,5000,6.56,6.0,128,11515
OPPO,A98,12.0,0,48.0,Dimensity,5000,6.6,12.0,256,14545
OPPO,A79,8.0,0,48.0,MediaTek,5000,6.56,4.0,64,13333
OPPO,A58,8.0,0,13.0,MediaTek,5000,6.56,4.0,64,9091
OPPO,Reno 9 Lite,16.0,0,64.0,Snapdragon,4500,6.43,8.0,128,21212
OPPO,F23 Pro,32.0,0,64.0,Snapdragon,4500,6.43,8.0,128,18182
OPPO,F23,16.0,0,48.0,Snapdragon,5000,6.43,8.0,128,14848
OPPO,Reno 9 Pro Plus,32.0,0,50.0,MediaTek,4500,6.7,12.0,256,40909
OPPO,Reno 9,32.0,0,50.0,MediaTek,4500,6.43,8.0,256,23636
OPPO,Reno 9 Pro,32.0,0,50.0,Snapdragon,4500,6.62,12.0,256,33333
OPPO,Find X6,32.0,0,50.0,Snapdragon,4800,6.55,8.0,256,45454
OPPO,Find X6 Pro,32.0,0,50.0,Snapdragon,5000,6.7,12.0,256,56060
OPPO,A19,8.0,0,13.0,MediaTek G35,5000,6.52,4.0,64,6969
OPPO,A19 ,8.0,0,13.0,MediaTek G35,5000,6.52,4.0,128,7878
OPPO,A97,16.0,0,50.0,Snapdragon,5000,6.59,8.0,128,13030
OPPO,A1 Pro,16.0,0,108.0,Snapdragon 695 5G,4800,6.7,8.0,128,15151
OPPO,A1 Pro 6GB,16.0,0,108.0,Snapdragon 695 5G,4800,6.7,8.0,256,16363
OPPO,A1 Pro  ,16.0,0,108.0,Snapdragon 695 5G,4800,6.7,12.0,256,17575
OPPO,A57s,8.0,0,50.0,MediaTek Helio G35,5000,6.5,4.0,128,12121
OPPO,Find X4,32.0,0,50.0,Snapdragon 870 5G,4500,6.7,8.0,128,36363
OPPO,Find X4 6GB,32.0,0,50.0,Snapdragon 870 5G,4500,6.7,8.0,256,39394
OPPO,Find X4 Pro,32.0,0,50.0,Snapdragon 8 Gen1,4500,6.7,8.0,256,46969
OPPO,Find X4 Pro  ,32.0,0,50.0,Snapdragon 8 Gen1,4500,6.7,12.0,256,49394
OPPO,Find X4 Pro 16GB ,32.0,0,50.0,Snapdragon 8 Gen1,4500,6.7,16.0,512,53030
OPPO,A77s,8.0,0,50.0,Snapdragon 680 4G,5000,6.56,8.0,128,16363
OPPO,A17K,5.0,0,13.0,MediaTek Helio G35,4230,6.52,3.0,32,8485
OPPO,Reno 7A,32.0,0,64.0,MediaTek,4500,6.43,8.0,128,23030
OPPO,F21s Pro 5G,16.0,0,64.0,Snapdragon 695 5G,4500,6.43,8.0,128,22727
OPPO,F21s Pro,32.0,0,64.0,Snapdragon 680 4G,4500,6.43,8.0,128,19697
OPPO,A57e,8.0,0,13.0,MediaTek Helio G35,5000,6.56,4.0,64,12121
OPPO,Reno 8 Pro,32.0,0,64.0,Dimensity 1200 5G,4500,6.55,8.0,256,30909
OPPO,Reno 8 Pro  ,32.0,0,64.0,Dimensity 1200 5G,4500,6.55,12.0,256,33333
OPPO,Reno 8 Pro Plus,32.0,0,50.0,Dimensity 8100 Max 5G,4500,6.7,12.0,256,35151
OPPO,Reno 8 SE,32.0,0,50.0,Dimensity 1300 5G,4500,6.43,8.0,128,21212
OPPO,Reno 8 Lite,16.0,0,64.0,Snapdragon 695 5G,4500,6.43,8.0,128,21818
OPPO,K10 5G,16.0,0,64.0,Dimensity 8000 Max,4500,6.59,8.0,128,21212
OPPO,K10 Pro 5G,16.0,0,50.0,Snapdragon 888 5G,5000,6.62,8.0,256,24242
OPPO,K10 Energy,16.0,0,64.0,Snapdragon 778G 5G,5000,6.59,12.0,256,28788
OPPO,F21 Pro Plus,16.0,0,48.0,Snapdragon 695 5G,4500,6.43,8.0,128,21212
OPPO,K10,16.0,0,50.0,Snapdragon 680 4G,5000,6.5,6.0,128,12727
OPPO,Reno 7 Pro Plus 5G,32.0,0,50.0,Dimensity 1200-Max 5G,4500,6.55,12.0,256,39394
OPPO,Reno 8,44.0,0,64.0,Snapdragon 720G,4310,6.4,8.0,128,19091
OPPO,Reno 8 6GB,44.0,0,64.0,Snapdragon 720G,4310,6.4,8.0,256,20606
OPPO,A97 5G,12.0,0,48.0,Dimensity 810,5000,6.6,12.0,256,21212
OPPO,Find X5 Pro Plus,32.0,0,50.0,Snapdragon 8 Gen 1,5000,6.78,12.0,256,63636
OPPO,F22,16.0,0,48.0,Snapdragon 662,5000,6.43,6.0,128,12121
OPPO,F22 Pro,16.0,0,48.0,MediaTek P95,4310,6.43,8.0,128,15151
OPPO,A77 5G,8.0,0,48.0,Dimensity 810,5000,6.56,6.0,128,16666
OPPO,Reno 7 Z 5G,16.0,0,64.0,Snapdragon 695 5G,4500,6.43,8.0,128,19697
OPPO,A17,8.0,0,13.0,MediaTek G35,5000,6.52,4.0,64,6666
OPPO,A57 5G,8.0,0,13.0,Dimensity 810 5G,5000,6.56,8.0,128,14545
OPPO,F21 Pro 5G,16.0,0,64.0,Snapdragon 695 5G,4500,6.43,8.0,128,20000
OPPO,Reno 7 Lite 5G,16.0,0,64.0,Snapdragon 695 5G,4500,6.43,8.0,128,22424
OPPO,Find X5,32.0,0,50.0,Dimensity 9000 5G,5000,6.78,8.0,256,42424
OPPO,Find X5 Pro,32.0,0,50.0,Snapdragon 8 Gen1,5000,6.78,8.0,256,54545
OPPO,Find X5 Pro  ,32.0,0,50.0,Snapdragon 8 Gen1,5000,6.78,12.0,256,57575
OPPO,A16e,5.0,0,13.0,MediaTek Helio P22,4230,6.52,4.0,64,6666
OPPO,A76,8.0,0,13.0,Snapdragon 680 4G,5000,6.56,6.0,128,11212
OPPO,Find X5 Lite,32.0,0,64.0,Dimensity 900 5G,4500,6.43,8.0,256,27272
OPPO,Reno 6 Lite,16.0,0,48.0,Snapdragon 662,5000,6.43,6.0,128,12727
OPPO,A96,16.0,0,48.0,Snapdragon 695 5G,4500,6.43,8.0,256,16666
OPPO,A36,8.0,0,13.0,Snapdragon 680 4G,5000,6.56,8.0,256,13030
OPPO,A11s,8.0,0,13.0,Snapdragon 460,5000,6.5,4.0,64,8182
OPPO,A11s ,8.0,0,13.0,Snapdragon 460,5000,6.5,4.0,128,9091
OPPO,A11s  ,8.0,0,13.0,Snapdragon 460,5000,6.5,8.0,128,10000
OPPO,Reno 7,32.0,0,64.0,Snapdragon 778G 5G,4500,6.43,8.0,128,17575
OPPO,Find X3 Pro Photographer Edition,32.0,0,50.0,Snapdragon 888 5G,4500,6.7,8.0,256,51515
OPPO,Find X3 Pro Photographer Edition  ,32.0,0,50.0,Snapdragon 888 5G,4500,6.7,12.0,256,54545
OPPO,Find N 5G,32.0,0,50.0,Snapdragon 888 5G,4500,7.1,8.0,256,65151
OPPO,Find N 5G  ,32.0,0,50.0,Snapdragon 888 5G,4500,7.1,12.0,512,69697
OPPO,Reno 7 SE 5G,16.0,0,48.0,Dimensity 900 5G,4500,6.43,8.0,128,19394
OPPO,Reno 7 SE 5G 6GB,16.0,0,48.0,Dimensity 900 5G,4500,6.43,8.0,256,20909
OPPO,A95,16.0,0,48.0,Snapdragon 662,5000,6.43,8.0,128,12727
OPPO,Reno 7 Pro,32.0,0,50.0,Dimensity 1200 Max 5G,4500,6.55,8.0,256,31515
OPPO,Reno 7 Pro  ,32.0,0,50.0,Dimensity 1200 Max 5G,4500,6.55,12.0,256,33939
OPPO,A55s 5G,8.0,0,13.0,Snapdragon 480 5G,4000,6.5,4.0,64,15151
OPPO,Reno 7 5G,32.0,0,64.0,Snapdragon 778G 5G,4500,6.43,8.0,128,23333
OPPO,Reno 7 5G 6GB,32.0,0,64.0,Snapdragon 778G 5G,4500,6.43,8.0,256,25454
OPPO,Reno 7 5G  ,32.0,0,64.0,Snapdragon 778G 5G,4500,6.43,12.0,256,27878
OPPO,A54s,8.0,0,50.0,Mediatek G35,5000,6.52,4.0,128,8485
OPPO,F20,16.0,0,48.0,Snapdragon 662,5000,6.43,6.0,128,12121
OPPO,F20 Pro,16.0,0,48.0,MediaTek P95,4310,6.43,8.0,128,14545
OPPO,A16K,5.0,0,13.0,Mediatek G35,4230,6.52,3.0,32,6969
OPPO,A16K  ,5.0,0,13.0,Mediatek G35,4230,6.52,4.0,64,7878
OPPO,K9s,16.0,0,64.0,Snapdragon 778G 5G,5000,6.59,6.0,128,21212
OPPO,K9s  ,16.0,0,64.0,Snapdragon 778G 5G,5000,6.59,8.0,128,22727
OPPO,K9 Pro,16.0,0,64.0,Dimensity 1200 5G,4500,6.43,8.0,128,20000
OPPO,K9 Pro  ,16.0,0,64.0,Dimensity 1200 5G,4500,6.43,12.0,256,23333
OPPO,F21 Pro,16.0,0,48.0,MediaTek P95,4310,6.43,8.0,128,15151
OPPO,Reno 6 Pro,32.0,0,64.0,Dimensity 1200 5G,4500,6.55,12.0,256,33333
OPPO,A55,16.0,0,50.0,Mediatek G35,5000,6.51,4.0,64,8485
OPPO,A55 ,16.0,0,50.0,Mediatek G35,5000,6.51,4.0,128,9394
OPPO,F19s,16.0,0,48.0,Snapdragon 662,5000,6.43,6.0,128,12424
OPPO,F21,16.0,0,48.0,Snapdragon 662,5000,6.43,8.0,128,12121
OPPO,A56 5G,8.0,0,13.0,Dimensity 700 5G,5000,6.5,6.0,128,13939
OPPO,A32,8.0,0,13.0,Snapdragon 460,5000,6.5,4.0,64,8485
OPPO,A32 ,8.0,0,13.0,Snapdragon 460,5000,6.5,4.0,128,9091
OPPO,A32  ,8.0,0,13.0,Snapdragon 460,5000,6.5,8.0,128,10606
OPPO,Reno 6 Pro Plus 5G,32.0,0,50.0,Snapdragon 870 5G,4500,6.55,8.0,128,31212
OPPO,Reno 6 Pro Plus 5G  ,32.0,0,50.0,Snapdragon 870 5G,4500,6.55,12.0,256,34848
OPPO,Reno 6,44.0,0,64.0,Snapdragon 720G,4310,6.4,8.0,128,19697
OPPO,A16,8.0,0,13.0,Mediatek G35,5000,6.52,3.0,32,7272
OPPO,A16  ,8.0,0,13.0,Mediatek G35,5000,6.52,4.0,64,8485
OPPO,A16s,8.0,0,13.0,MediaTek G35,5000,6.52,4.0,64,8182
OPPO,Reno 6Z,32.0,0,64.0,Dimensity 800U 5G,4310,6.4,8.0,128,19697
OPPO,Reno 6Z 6GB,32.0,0,64.0,Dimensity 800U 5G,4310,6.4,8.0,256,21212
OPPO,A56,16.0,0,50.0,MediaTek G35,5000,6.51,4.0,64,8485
OPPO,A56 6GB ,16.0,0,50.0,MediaTek G35,5000,6.51,6.0,128,9697
OPPO,A93s 5G,8.0,0,48.0,MT6833 Dimensity 700 5G,5000,6.5,8.0,256,15151
OPPO,F19,16.0,0,48.0,Snapdragon 662,5000,6.43,6.0,128,11212
OPPO,A6 2020,8.0,0,12.0,Snapdragon 665,5000,6.5,4.0,64,7575
OPPO,A6 2020 6GB ,8.0,0,12.0,Snapdragon 665,5000,6.5,6.0,128,9091
OPPO,K9,32.0,0,64.0,Snapdragon 768G 5G,4300,6.43,8.0,128,15757
OPPO,K9 6GB,32.0,0,64.0,Snapdragon 768G 5G,4300,6.43,8.0,256,17575
OPPO,A95 5G,16.0,0,48.0,Dimensity 800U 5G,4310,6.43,8.0,128,13636
OPPO,A95 5G 6GB,16.0,0,48.0,Dimensity 800U 5G,4310,6.43,8.0,256,15151
OPPO,A53s 5G,8.0,0,13.0,Dimensity 700 5G,5000,6.52,6.0,128,10606
OPPO,A53s 5G  ,8.0,0,13.0,Dimensity 700 5G,5000,6.52,8.0,128,11818
OPPO,A54 5G,16.0,0,48.0,Snapdragon 480 5G,5000,6.5,4.0,64,13636
OPPO,A54 5G ,16.0,0,48.0,Snapdragon 480 5G,5000,6.5,4.0,128,15151
OPPO,A54,16.0,0,13.0,Mediatek P35,5000,6.51,4.0,128,9394
OPPO,A74,16.0,0,48.0,Snapdragon 662,5000,6.8,6.0,128,11515
OPPO,F19 Pro,32.0,0,48.0,Mediatek P95,4310,6.43,8.0,128,14242
OPPO,Find X3 Neo,32.0,0,50.0,Snapdragon 865,4500,6.55,12.0,256,37878
OPPO,Find X3 Pro,32.0,0,50.0,Snapdragon 888,4500,6.7,8.0,256,54242
OPPO,Find X3 Pro  ,32.0,0,50.0,Snapdragon 888,4500,6.7,12.0,256,57575
OPPO,Find X3,32.0,0,50.0,Snapdragon 870 5G,4500,6.7,8.0,256,35757
OPPO,Find X3  ,32.0,0,50.0,Snapdragon 870 5G,4500,6.7,12.0,256,38788
OPPO,Find X3 Lite,32.0,0,64.0,Snapdragon 765G,4300,6.43,8.0,128,25454
OPPO,Reno 5F,32.0,0,48.0,MediaTek P95,4310,6.43,8.0,128,15151
OPPO,A15s,8.0,0,13.0,Mediatek P35,4230,6.52,4.0,64,7878
OPPO,F19 Pro Plus,16.0,0,48.0,Dimensity 800U 5G,4310,6.43,8.0,128,18182
OPPO,A94,16.0,0,48.0,MediaTek P95,4000,6.2,8.0,128,15151
OPPO,Reno 5K,32.0,0,64.0,Snapdragon 750G 5G,4300,6.43,8.0,128,20606
OPPO,Reno 5K  ,32.0,0,64.0,Snapdragon 750G 5G,4300,6.43,12.0,256,22121
OPPO,A15,5.0,0,13.0,Mediatek P35,4230,6.52,2.0,32,6060
OPPO,A15  ,5.0,0,13.0,Mediatek P35,4230,6.52,3.0,32,6969
OPPO,Reno 5 Pro,32.0,0,64.0,Dimensity 1000+,4350,6.55,12.0,256,25757
OPPO,A55 5G,8.0,0,13.0,Dimensity 700 5G,5000,6.5,6.0,128,12121
OPPO,F15 Pro,16.0,0,48.0,MediaTek P70,4025,6.4,4.0,128,13636
OPPO,F15 Pro  ,16.0,0,48.0,MediaTek P70,4025,6.4,8.0,128,14848
OPPO,A93 5G,8.0,0,48.0,Snapdragon 480 5G,5000,6.5,8.0,256,14848
OPPO,Reno 5,44.0,0,64.0,Snapdragon 720G,4310,6.43,8.0,128,16969
OPPO,Reno 5 5G,32.0,0,64.0,Snapdragon 765G 5G,4300,6.43,8.0,128,24242
OPPO,Reno 5 5G  ,32.0,0,64.0,Snapdragon 765G 5G,4300,6.43,12.0,256,27272
OPPO,Reno 5 Pro Plus,32.0,0,48.0,Snapdragon 865,4500,6.55,8.0,128,29697
OPPO,Reno 5 Pro Plus  ,32.0,0,48.0,Snapdragon 865,4500,6.55,12.0,256,32121
OPPO,A53 5G,8.0,0,16.0,Dimensity 720 5G,4040,6.5,4.0,128,10303
OPPO,A53 5G 6GB ,8.0,0,16.0,Dimensity 720 5G,4040,6.5,6.0,128,11212
OPPO,F17,16.0,0,16.0,Snapdragon 662,4015,6.44,8.0,128,11515
OPPO,F17 Pro,16.0,0,48.0,MediaTek P95,4000,6.4,8.0,128,13636
OPPO,A33 2020,8.0,0,13.0,Snapdragon 460,5000,6.5,4.0,64,7575
OPPO,Reno 4 Pro,32.0,0,48.0,Snapdragon 720G,4000,6.55,8.0,256,25757
OPPO,Reno 4,32.0,0,48.0,Snapdragon 720G,4015,6.4,8.0,128,18182
OPPO,A53,16.0,0,13.0,Snapdragon 460,5000,6.5,4.0,64,8485
OPPO,A92,16.0,0,48.0,Snapdragon 665,5000,6.5,8.0,128,12121
OPPO,A11k,5.0,0,13.0,MediaTek P35,4230,6.22,2.0,32,5454
OPPO,F15,16.0,0,48.0,MediaTek P70,4025,6.4,8.0,128,12121
OPPO,Find X2 Pro,32.0,0,48.0,Snapdragon 865,4260,6.7,12.0,512,60606
OPPO,A52,8.0,0,12.0,Snapdragon 665,5000,6.5,4.0,128,10606
OPPO,A12,5.0,0,13.0,Mediatek P35,4230,6.22,3.0,32,6060
OPPO,A12  ,5.0,0,13.0,Mediatek P35,4230,6.22,4.0,64,7575
OPPO,A12e,8.0,0,13.0,Snapdragon 450,4230,6.2,3.0,64,6060
OPPO,A31 2020,8.0,0,12.0,MT6765V,4230,6.5,3.0,32,6969
OPPO,A31 2020  ,8.0,0,12.0,MT6765V,4230,6.5,4.0,128,9091
OPPO,A92s,16.0,0,48.0,MT6873V Dimensity 800 5G,3890,6.57,6.0,128,26792
OPPO,A92s  ,16.0,0,48.0,MT6873V Dimensity 800 5G,3890,6.57,8.0,128,26792
OPPO,Ace2,16.0,0,48.0,Snapdragon 865,4000,6.55,8.0,128,26792
OPPO,Ace2 6GB,16.0,0,48.0,Snapdragon 865,4000,6.55,8.0,256,26792
OPPO,Ace2  ,16.0,0,48.0,Snapdragon 865,4000,6.55,12.0,256,26792
OPPO,Reno 3 Pro,44.0,0,64.0,MediaTek P95,4025,6.4,8.0,128,18182
OPPO,Reno 3 Pro 6GB,44.0,0,64.0,MediaTek P95,4025,6.4,8.0,256,19697
OPPO,Reno 3,44.0,0,48.0,Mediatek P90,4025,6.4,8.0,128,14242
OPPO,F15s,16.0,0,48.0,MediaTek P70,4025,6.5,8.0,128,12121
OPPO,A5 2020,8.0,0,12.0,Snapdragon 665,5000,6.5,3.0,64,8485
OPPO,A5 2020  ,8.0,0,12.0,Snapdragon 665,5000,6.5,4.0,64,9697
OPPO,A9 2020,16.0,0,48.0,Snapdragon 665,5000,6.5,8.0,128,11515
OPPO,Reno 2,16.0,1,48.0,Snapdragon 730G,4000,6.5,8.0,256,21212
OPPO,Reno 2 F,16.0,1,48.0,MediaTek P70,4000,6.5,8.0,128,13939
OPPO,A1k,5.0,0,8.0,MediaTek P22,4000,6.1,2.0,32,5151
OPPO,A9,16.0,0,16.0,MediaTek P70,4020,6.53,4.0,128,10606
OPPO,A9 6GB ,16.0,0,16.0,MediaTek P70,4020,6.53,6.0,128,12121
OPPO,A9  ,16.0,0,16.0,MediaTek P70,4020,6.53,8.0,128,13030
OPPO,A5s,8.0,0,13.0,MediaTek P35,4230,6.2,2.0,32,6060
OPPO,A5s  ,8.0,0,13.0,MediaTek P35,4230,6.2,3.0,32,6363
OPPO,A5s  ,8.0,0,13.0,MediaTek P35,4230,6.2,4.0,64,9091
OPPO,F11,16.0,0,48.0,MediaTek P70,4020,6.53,4.0,64,10909
OPPO,F11 6GB ,16.0,0,48.0,MediaTek P70,4020,6.53,6.0,128,13030
OPPO,F11 Pro,16.0,1,48.0,MediaTek P70,4000,6.53,6.0,64,16666
OPPO,F11 Pro ,16.0,1,48.0,MediaTek P70,4000,6.53,6.0,128,26792
OPPO,F9,25.0,0,16.0,MediaTek P60,3500,6.3,4.0,64,15151
OPPO,F9 ,25.0,0,16.0,MediaTek P60,3500,6.3,6.0,64,15757
OPPO,F9 ,25.0,0,16.0,MediaTek P60,3500,6.3,6.0,128,16666
OPPO,F9 Pro,25.0,0,16.0,MediaTek P60,3500,6.3,4.0,64,26792
OPPO,F9 Pro 6GB ,25.0,0,16.0,MediaTek P60,3500,6.3,6.0,64,26792
OPPO,A3s,8.0,0,13.0,Snapdragon 450,4230,6.2,2.0,16,5757
OPPO,A3s  ,8.0,0,13.0,Snapdragon 450,4230,6.2,3.0,32,7575
OPPO,A5,8.0,0,13.0,Snapdragon 450,4230,6.2,4.0,32,9091
OPPO,Find X,25.0,1,20.0,Snapdragon 845,3730,6.42,8.0,256,39394
OPPO,F7,25.0,0,16.0,MediaTek P60,3400,6.23,4.0,64,10000
OPPO,F7 6GB ,25.0,0,16.0,MediaTek P60,3400,6.23,6.0,128,26792
OPPO,F5,20.0,0,16.0,MediaTek P23,3200,6.0,4.0,32,26792
OPPO,F5 6GB ,20.0,0,16.0,MediaTek P23,3200,6.0,6.0,64,26792
OPPO,A57,16.0,0,13.0,Snapdragon 435,2900,5.2,3.0,32,11212
OPPO,A37,5.0,0,8.0,Snapdragon 410,2630,5.0,2.0,16,26792
OPPO,F1,8.0,0,13.0,Snapdragon 616,4500,5.0,3.0,16,10909
OPPO,A31,5.0,0,8.0,Snapdragon 410,2000,4.5,1.0,8,26792
OPPO,Reno 4 SE,32.0,0,48.0,Dimensity 720,4300,6.43,8.0,128,26792
OPPO,Reno 4 SE 6GB,32.0,0,48.0,Dimensity 720,4300,6.43,8.0,256,26792
